traced,attempt,wall_ns
0,0,324728
0,1,542585
0,2,127480
0,3,513774
0,4,131557
0,5,122007
0,6,211944
0,7,590477
0,8,540965
0,9,552772
0,10,144852
0,11,128345
0,12,133358
0,13,188692
0,14,576069
0,15,566810
0,16,592086
0,17,149055
0,18,165999
0,19,561351
0,20,585391
0,21,131409
0,22,561698
0,23,139899
0,24,539140
0,25,126252
0,26,553235
0,27,559131
0,28,107570
0,29,543418
0,30,520843
0,31,647331
0,32,111282
0,33,566127
0,34,114484
0,35,571381
0,36,123935
0,37,565390
0,38,514590
0,39,137630
0,40,513339
0,41,171710
0,42,518956
0,43,158246
0,44,704825
0,45,550636
0,46,578811
0,47,522374
0,48,542295
0,49,130300
0,50,548397
0,51,150688
0,52,627811
0,53,149526
0,54,151783
0,55,500237
0,56,601981
0,57,511909
0,58,617281
0,59,480565
0,60,115994
0,61,152417
0,62,549759
0,63,157436
0,64,558774
0,65,130245
0,66,165113
0,67,584517
0,68,127709
0,69,143372
0,70,628456
0,71,125997
0,72,551036
0,73,578144
0,74,689934
0,75,574929
0,76,505385
0,77,537591
0,78,505540
0,79,533851
0,80,609596
0,81,541280
0,82,122915
0,83,573429
0,84,124412
0,85,552612
0,86,126927
0,87,618050
0,88,158255
0,89,569049
0,90,109934
0,91,126276
0,92,539549
0,93,131970
0,94,550412
0,95,1115940
0,96,572514
0,97,191255
0,98,151238
0,99,549515
0,100,132294
0,101,575175
0,102,133496
0,103,605676
0,104,129536
0,105,144216
0,106,557935
0,107,109132
0,108,587725
0,109,107668
0,110,537252
0,111,1065091
0,112,575083
0,113,552864
0,114,544741
0,115,92761
0,116,553357
0,117,594168
0,118,551664
0,119,121464
0,120,620678
0,121,570698
0,122,105090
0,123,523286
0,124,525058
0,125,529150
0,126,507341
0,127,548806
0,128,562911
0,129,841347
0,130,898176
0,131,11067160
0,132,675102
0,133,582354
0,134,1195992
0,135,566517
0,136,65686
0,137,519317
0,138,117823
0,139,519555
0,140,580984
0,141,516662
0,142,545273
0,143,503501
0,144,87994
0,145,518869
0,146,113587
0,147,604840
0,148,156337
0,149,159680
0,150,82093
0,151,533899
0,152,91063
0,153,511595
0,154,621583
0,155,538052
0,156,573306
0,157,58879
0,158,503560
0,159,87721
0,160,516340
0,161,523578
0,162,580220
0,163,99132
0,164,523349
0,165,114478
0,166,542929
0,167,91466
0,168,531559
0,169,111404
0,170,536081
0,171,95401
0,172,517897
0,173,136301
0,174,615226
0,175,579819
0,176,525121
0,177,116657
0,178,548807
0,179,113813
0,180,105182
0,181,535700
0,182,76453
0,183,523145
0,184,87278
0,185,84353
0,186,475759
0,187,184073
0,188,510629
0,189,506516
0,190,544982
0,191,563921
0,192,107201
0,193,109183
0,194,517749
0,195,530719
0,196,512773
0,197,562364
0,198,95201
0,199,525972
1,0,327374
1,1,232478
1,2,185592
1,3,577878
1,4,222495
1,5,234164
1,6,568032
1,7,598236
1,8,622248
1,9,537401
1,10,268299
1,11,565234
1,12,614164
1,13,364685
1,14,379521
1,15,272426
1,16,321920
1,17,651707
1,18,573465
1,19,153504
1,20,349216
1,21,212273
1,22,291551
1,23,616686
1,24,677153
1,25,626646
1,26,660550
1,27,656174
1,28,318229
1,29,660251
1,30,681744
1,31,678809
1,32,328832
1,33,676537
1,34,623865
1,35,664613
1,36,392756
1,37,214465
1,38,233236
1,39,199084
