kind,case,backend,metric,value,unit
latency,readrepeat,dram,read_ns_n,1000,samples
latency,readrepeat,dram,read_ns_p50,171,ns
latency,readrepeat,dram,read_ns_p95,233,ns
latency,readrepeat,dram,read_ns_p99,267,ns
latency,readrepeat,dram,read_ns_min,154,ns
latency,readrepeat,dram,read_ns_max,16318,ns
latency,readrepeat,cram,read_ns_n,1000,samples
latency,readrepeat,cram,read_ns_p50,187,ns
latency,readrepeat,cram,read_ns_p95,292,ns
latency,readrepeat,cram,read_ns_p99,365,ns
latency,readrepeat,cram,read_ns_min,167,ns
latency,readrepeat,cram,read_ns_max,958,ns
latency,readrepeat,zram,read_ns_n,1000,samples
latency,readrepeat,zram,read_ns_p50,4418,ns
latency,readrepeat,zram,read_ns_p95,6934,ns
latency,readrepeat,zram,read_ns_p99,15850,ns
latency,readrepeat,zram,read_ns_min,3720,ns
latency,readrepeat,zram,read_ns_max,34769,ns
latency,readrepeat,dram,repeat_read_ns_n,1000,samples
latency,readrepeat,dram,repeat_read_ns_p50,153,ns
latency,readrepeat,dram,repeat_read_ns_p95,203,ns
latency,readrepeat,dram,repeat_read_ns_p99,223,ns
latency,readrepeat,dram,repeat_read_ns_min,151,ns
latency,readrepeat,dram,repeat_read_ns_max,256,ns
latency,readrepeat,cram,repeat_read_ns_n,1000,samples
latency,readrepeat,cram,repeat_read_ns_p50,153,ns
latency,readrepeat,cram,repeat_read_ns_p95,212,ns
latency,readrepeat,cram,repeat_read_ns_p99,240,ns
latency,readrepeat,cram,repeat_read_ns_min,150,ns
latency,readrepeat,cram,repeat_read_ns_max,4882,ns
latency,readrepeat,zram,repeat_read_ns_n,1000,samples
latency,readrepeat,zram,repeat_read_ns_p50,154,ns
latency,readrepeat,zram,repeat_read_ns_p95,198,ns
latency,readrepeat,zram,repeat_read_ns_p99,225,ns
latency,readrepeat,zram,repeat_read_ns_min,151,ns
latency,readrepeat,zram,repeat_read_ns_max,7447,ns
latency,direct,dram,write_ns_n,1000,samples
latency,direct,dram,write_ns_p50,190,ns
latency,direct,dram,write_ns_p95,260,ns
latency,direct,dram,write_ns_p99,281,ns
latency,direct,dram,write_ns_min,165,ns
latency,direct,dram,write_ns_max,495,ns
latency,direct,cram,write_ns_n,1000,samples
latency,direct,cram,write_ns_p50,6172,ns
latency,direct,cram,write_ns_p95,9494,ns
latency,direct,cram,write_ns_p99,29994,ns
latency,direct,cram,write_ns_min,4973,ns
latency,direct,cram,write_ns_max,61196,ns
latency,direct,zram,write_ns_n,1000,samples
latency,direct,zram,write_ns_p50,4440,ns
latency,direct,zram,write_ns_p95,7267,ns
latency,direct,zram,write_ns_p99,28087,ns
latency,direct,zram,write_ns_min,3601,ns
latency,direct,zram,write_ns_max,42211,ns
latency,direct,dram,repeat_write_ns_n,1000,samples
latency,direct,dram,repeat_write_ns_p50,167,ns
latency,direct,dram,repeat_write_ns_p95,232,ns
latency,direct,dram,repeat_write_ns_p99,248,ns
latency,direct,dram,repeat_write_ns_min,160,ns
latency,direct,dram,repeat_write_ns_max,16559,ns
latency,direct,cram,repeat_write_ns_n,1000,samples
latency,direct,cram,repeat_write_ns_p50,170,ns
latency,direct,cram,repeat_write_ns_p95,232,ns
latency,direct,cram,repeat_write_ns_p99,244,ns
latency,direct,cram,repeat_write_ns_min,154,ns
latency,direct,cram,repeat_write_ns_max,35032,ns
latency,direct,zram,repeat_write_ns_n,1000,samples
latency,direct,zram,repeat_write_ns_p50,161,ns
latency,direct,zram,repeat_write_ns_p95,218,ns
latency,direct,zram,repeat_write_ns_p99,237,ns
latency,direct,zram,repeat_write_ns_min,155,ns
latency,direct,zram,repeat_write_ns_max,28917,ns
latency,readwrite,dram,write_ns_n,1000,samples
latency,readwrite,dram,write_ns_p50,179,ns
latency,readwrite,dram,write_ns_p95,251,ns
latency,readwrite,dram,write_ns_p99,267,ns
latency,readwrite,dram,write_ns_min,156,ns
latency,readwrite,dram,write_ns_max,1808,ns
latency,readwrite,cram,write_ns_n,1000,samples
latency,readwrite,cram,write_ns_p50,6194,ns
latency,readwrite,cram,write_ns_p95,9902,ns
latency,readwrite,cram,write_ns_p99,32496,ns
latency,readwrite,cram,write_ns_min,5023,ns
latency,readwrite,cram,write_ns_max,53799,ns
latency,readwrite,zram,write_ns_n,1000,samples
latency,readwrite,zram,write_ns_p50,497,ns
latency,readwrite,zram,write_ns_p95,621,ns
latency,readwrite,zram,write_ns_p99,837,ns
latency,readwrite,zram,write_ns_min,468,ns
latency,readwrite,zram,write_ns_max,18950,ns
latency,readwrite,dram,repeat_write_ns_n,1000,samples
latency,readwrite,dram,repeat_write_ns_p50,160,ns
latency,readwrite,dram,repeat_write_ns_p95,225,ns
latency,readwrite,dram,repeat_write_ns_p99,240,ns
latency,readwrite,dram,repeat_write_ns_min,152,ns
latency,readwrite,dram,repeat_write_ns_max,11473,ns
latency,readwrite,cram,repeat_write_ns_n,1000,samples
latency,readwrite,cram,repeat_write_ns_p50,170,ns
latency,readwrite,cram,repeat_write_ns_p95,237,ns
latency,readwrite,cram,repeat_write_ns_p99,263,ns
latency,readwrite,cram,repeat_write_ns_min,154,ns
latency,readwrite,cram,repeat_write_ns_max,382,ns
latency,readwrite,zram,repeat_write_ns_n,1000,samples
latency,readwrite,zram,repeat_write_ns_p50,168,ns
latency,readwrite,zram,repeat_write_ns_p95,234,ns
latency,readwrite,zram,repeat_write_ns_p99,253,ns
latency,readwrite,zram,repeat_write_ns_min,153,ns
latency,readwrite,zram,repeat_write_ns_max,442,ns
pressure_distribution,cold_disabled,cram+zram,bytes,503316480,bytes
pressure_distribution,cold_disabled,cram+zram,node0_samples,1295,sampled_pages
pressure_distribution,cold_disabled,cram+zram,node2_samples,0,sampled_pages
pressure_distribution,cold_disabled,cram+zram,swap_samples,625,sampled_pages
pressure_distribution,cold_disabled,cram+zram,other_samples,0,sampled_pages
pressure_distribution,cold_enabled,cram+zram,bytes,503316480,bytes
pressure_distribution,cold_enabled,cram+zram,node0_samples,1467,sampled_pages
pressure_distribution,cold_enabled,cram+zram,node2_samples,453,sampled_pages
pressure_distribution,cold_enabled,cram+zram,swap_samples,0,sampled_pages
pressure_distribution,cold_enabled,cram+zram,other_samples,0,sampled_pages
pressure_distribution,cold_blocked,cram+zram,bytes,503316480,bytes
pressure_distribution,cold_blocked,cram+zram,node0_samples,1269,sampled_pages
pressure_distribution,cold_blocked,cram+zram,node2_samples,0,sampled_pages
pressure_distribution,cold_blocked,cram+zram,swap_samples,651,sampled_pages
pressure_distribution,cold_blocked,cram+zram,other_samples,0,sampled_pages
pressure_warm,disabled,cram+zram,batch_write_wall_time,100142480,ns
pressure_warm,enabled,cram+zram,batch_write_wall_time,241738398,ns
pressure_warm,blocked,cram+zram,batch_write_wall_time,97661146,ns
