case,phase,cpu,name,inclusive_us,depth,order
cram_readwrite,enter,0,__rcu_read_lock,0.281,1,1
cram_readwrite,enter,0,__rcu_read_unlock,0.193,1,2
cram_readwrite,enter,0,__cond_resched,0.255,3,5
cram_readwrite,enter,0,__rcu_read_lock,0.314,4,7
cram_readwrite,enter,0,__rcu_read_unlock,0.181,4,8
cram_readwrite,enter,0,numa_zone_alloc_allowed,0.265,7,12
cram_readwrite,enter,0,_raw_spin_trylock,0.174,7,13
cram_readwrite,enter,0,_raw_spin_unlock,0.168,7,14
cram_readwrite,enter,0,get_page_from_freelist,2.414,6,11
cram_readwrite,enter,0,__alloc_frozen_pages_noprof,2.938,5,10
cram_readwrite,enter,0,__folio_alloc_noprof,3.412,4,9
cram_readwrite,enter,0,alloc_cram_folio,4.96,3,6
cram_readwrite,enter,0,__rcu_read_lock,0.172,4,16
cram_readwrite,enter,0,__rcu_read_unlock,0.177,4,17
cram_readwrite,enter,0,folio_get_anon_vma,1.04,3,15
cram_readwrite,enter,0,__rcu_read_lock,0.174,7,22
cram_readwrite,enter,0,down_read_trylock,0.196,7,23
cram_readwrite,enter,0,__rcu_read_unlock,0.166,7,24
cram_readwrite,enter,0,folio_lock_anon_vma_read,1.436,6,21
cram_readwrite,enter,0,anon_vma_interval_tree_iter_first,0.32,6,25
cram_readwrite,enter,0,__cond_resched,0.168,6,26
cram_readwrite,enter,0,invalid_migration_vma,0.167,6,27
cram_readwrite,enter,0,__cond_resched,0.166,7,29
cram_readwrite,enter,0,__rcu_read_lock,0.286,10,33
cram_readwrite,enter,0,___pte_offset_map,0.682,9,32
cram_readwrite,enter,0,pte_offset_map_rw_nolock,1.121,8,31
cram_readwrite,enter,0,_raw_spin_lock,0.169,8,34
cram_readwrite,enter,0,check_pte,0.187,8,35
cram_readwrite,enter,0,page_vma_mapped_walk,2.424,7,30
cram_readwrite,enter,0,mm_needs_global_asid,0.184,10,39
cram_readwrite,enter,0,native_flush_tlb_one_user,0.979,10,40
cram_readwrite,enter,0,flush_tlb_func,2.16,9,38
cram_readwrite,enter,0,flush_tlb_mm_range,2.724,8,37
cram_readwrite,enter,0,ptep_clear_flush,3.25,7,36
cram_readwrite,enter,0,folio_mapping,0.241,8,42
cram_readwrite,enter,0,folio_mark_dirty,0.675,7,41
cram_readwrite,enter,0,__rcu_read_lock,0.167,8,44
cram_readwrite,enter,0,mod_node_page_state,0.171,8,45
cram_readwrite,enter,0,css_rstat_updated,0.167,9,47
cram_readwrite,enter,0,mod_memcg_lruvec_state,0.613,8,46
cram_readwrite,enter,0,__rcu_read_unlock,0.182,8,48
cram_readwrite,enter,0,lruvec_stat_mod_folio,2.191,7,43
cram_readwrite,enter,0,__rcu_read_unlock,0.182,8,50
cram_readwrite,enter,0,_raw_spin_unlock,0.169,8,51
cram_readwrite,enter,0,page_vma_mapped_walk,0.963,7,49
cram_readwrite,enter,0,try_to_migrate_one,12.189,6,28
cram_readwrite,enter,0,folio_not_mapped,0.185,6,52
cram_readwrite,enter,0,up_read,0.168,6,53
cram_readwrite,enter,0,rmap_walk_anon,16.681,5,20
cram_readwrite,enter,0,rmap_walk,17.144,4,19
cram_readwrite,enter,0,try_to_migrate,17.551,3,18
cram_readwrite,enter,0,try_to_unmap_flush,0.18,3,54
cram_readwrite,enter,0,__cond_resched,0.167,3,55
cram_readwrite,enter,0,folio_mapping,0.18,4,57
cram_readwrite,enter,0,copy_mc_to_kernel,1.239,6,60
cram_readwrite,enter,0,folio_mc_copy,2.423,5,59
cram_readwrite,enter,0,__folio_migrate_mapping,0.284,5,61
cram_readwrite,enter,0,mem_cgroup_migrate,0.177,6,63
cram_readwrite,enter,0,folio_migrate_flags,0.91,5,62
cram_readwrite,enter,0,__migrate_folio.isra.0,4.565,4,58
cram_readwrite,enter,0,move_to_new_folio,5.803,3,56
cram_readwrite,enter,0,_raw_spin_lock_irqsave,0.261,7,68
cram_readwrite,enter,0,folio_lruvec_lock_irqsave,0.834,6,67
cram_readwrite,enter,0,__rcu_read_lock,0.178,7,70
cram_readwrite,enter,0,folio_mapping,0.175,7,71
cram_readwrite,enter,0,__rcu_read_unlock,0.177,7,72
cram_readwrite,enter,0,mod_node_page_state,0.314,8,74
cram_readwrite,enter,0,css_rstat_updated,0.169,9,76
cram_readwrite,enter,0,mod_memcg_lruvec_state,0.631,8,75
cram_readwrite,enter,0,mod_lruvec_state,1.475,7,73
cram_readwrite,enter,0,__mod_zone_page_state,0.17,7,77
cram_readwrite,enter,0,mem_cgroup_update_lru_size,0.23,7,78
cram_readwrite,enter,0,lru_add,3.865,6,69
cram_readwrite,enter,0,_raw_spin_unlock_irqrestore,0.171,6,79
cram_readwrite,enter,0,folios_put_refs,0.214,6,80
cram_readwrite,enter,0,folio_batch_move_lru,6.126,5,66
cram_readwrite,enter,0,__folio_batch_add_and_move,6.528,4,65
cram_readwrite,enter,0,folio_add_lru,6.895,3,64
cram_readwrite,enter,0,folio_anon_vma,0.179,5,83
cram_readwrite,enter,0,down_read_trylock,0.198,5,84
cram_readwrite,enter,0,anon_vma_interval_tree_iter_first,0.209,5,85
cram_readwrite,enter,0,__cond_resched,0.169,5,86
cram_readwrite,enter,0,__rcu_read_lock,0.175,9,91
cram_readwrite,enter,0,___pte_offset_map,0.549,8,90
cram_readwrite,enter,0,_raw_spin_lock,0.171,8,92
cram_readwrite,enter,0,__pte_offset_map_lock,1.278,7,89
cram_readwrite,enter,0,check_pte,0.295,7,93
cram_readwrite,enter,0,page_vma_mapped_walk,2.326,6,88
cram_readwrite,enter,0,pte_mkwrite,0.17,6,94
cram_readwrite,enter,0,__rcu_read_lock,0.176,6,95
cram_readwrite,enter,0,__rcu_read_unlock,0.181,6,96
cram_readwrite,enter,0,__rcu_read_lock,0.167,8,99
cram_readwrite,enter,0,mod_node_page_state,0.166,8,100
cram_readwrite,enter,0,css_rstat_updated,0.173,9,102
cram_readwrite,enter,0,mod_memcg_lruvec_state,0.6,8,101
cram_readwrite,enter,0,__rcu_read_unlock,0.167,8,103
cram_readwrite,enter,0,lruvec_stat_mod_folio,1.992,7,98
cram_readwrite,enter,0,folio_add_anon_rmap_ptes,2.393,6,97
cram_readwrite,enter,0,__rcu_read_unlock,0.181,7,105
cram_readwrite,enter,0,_raw_spin_unlock,0.172,7,106
cram_readwrite,enter,0,page_vma_mapped_walk,0.93,6,104
cram_readwrite,enter,0,remove_migration_pte,7.95,5,87
cram_readwrite,enter,0,anon_vma_interval_tree_iter_next,0.184,5,107
cram_readwrite,enter,0,up_read,0.197,5,108
cram_readwrite,enter,0,rmap_walk_anon,10.79,4,82
cram_readwrite,enter,0,rmap_walk,11.134,3,81
cram_readwrite,enter,0,folio_unlock,0.17,3,109
cram_readwrite,enter,0,folio_unlock,0.168,3,110
cram_readwrite,enter,0,mod_node_page_state,0.175,4,112
cram_readwrite,enter,0,__mem_cgroup_uncharge,0.186,5,114
cram_readwrite,enter,0,__get_pfnblock_flags_mask.isra.0,0.496,7,117
cram_readwrite,enter,0,_raw_spin_trylock,0.166,7,118
cram_readwrite,enter,0,free_frozen_page_commit.isra.0,0.316,7,119
cram_readwrite,enter,0,_raw_spin_unlock,0.169,7,120
cram_readwrite,enter,0,__free_frozen_pages,2.356,6,116
cram_readwrite,enter,0,free_frozen_pages,2.799,5,115
cram_readwrite,enter,0,__folio_put,3.984,4,113
cram_readwrite,enter,0,migrate_folio_done,4.786,3,111
cram_readwrite,enter,0,migrate_pages_batch.isra.0,56.745,2,4
cram_readwrite,enter,0,migrate_pages,57.653,1,3
cram_readwrite,enter,0,lru_add_drain_cpu,0.192,2,122
cram_readwrite,enter,0,mlock_drain_local,0.176,2,123
cram_readwrite,enter,0,__cond_resched,0.165,3,125
cram_readwrite,enter,0,mutex_lock,0.527,2,124
cram_readwrite,enter,0,need_mlock_drain,0.176,2,126
cram_readwrite,enter,0,has_bh_in_lru,0.203,2,127
cram_readwrite,enter,0,need_mlock_drain,0.206,2,128
cram_readwrite,enter,0,has_bh_in_lru,0.237,2,129
cram_readwrite,enter,0,mutex_unlock,0.179,2,130
cram_readwrite,enter,0,lru_add_drain_all,3.929,1,121
cram_readwrite,enter,0,cram_migrate_to,64.344,0,0
cram_readwrite,write,0,__rcu_read_lock,0.284,4,4
cram_readwrite,write,0,___pte_offset_map,0.77,3,3
cram_readwrite,write,0,pte_offset_map_rw_nolock,1.181,2,2
cram_readwrite,write,0,_raw_spin_lock,0.269,2,5
cram_readwrite,write,0,vm_normal_page,0.174,3,7
cram_readwrite,write,0,vm_normal_folio,0.588,2,6
cram_readwrite,write,0,__rcu_read_lock,0.173,2,8
cram_readwrite,write,0,__rcu_read_unlock,0.186,2,9
cram_readwrite,write,0,__rcu_read_lock,0.183,3,11
cram_readwrite,write,0,__rcu_read_unlock,0.185,3,12
cram_readwrite,write,0,_raw_spin_lock_irq,0.186,5,15
cram_readwrite,write,0,folio_lruvec_lock_irq,0.738,4,14
cram_readwrite,write,0,mod_node_page_state,0.184,5,17
cram_readwrite,write,0,css_rstat_updated,0.255,6,19
cram_readwrite,write,0,mod_memcg_lruvec_state,0.758,5,18
cram_readwrite,write,0,mod_lruvec_state,1.732,4,16
cram_readwrite,write,0,__mod_zone_page_state,0.251,4,20
cram_readwrite,write,0,mem_cgroup_update_lru_size,0.199,4,21
cram_readwrite,write,0,_raw_spin_unlock_irq,0.167,4,22
cram_readwrite,write,0,folio_isolate_lru,4.462,3,13
cram_readwrite,write,0,_raw_spin_unlock,0.176,3,23
cram_readwrite,write,0,__rcu_read_unlock,0.191,3,24
cram_readwrite,write,0,mod_node_page_state,0.172,3,25
cram_readwrite,write,0,__cond_resched,0.169,5,28
cram_readwrite,write,0,__cond_resched,0.164,8,32
cram_readwrite,write,0,numa_zone_alloc_allowed,0.168,9,34
cram_readwrite,write,0,_raw_spin_trylock,0.319,9,35
cram_readwrite,write,0,_raw_spin_unlock,0.201,9,36
cram_readwrite,write,0,get_page_from_freelist,1.875,8,33
cram_readwrite,write,0,__alloc_frozen_pages_noprof,2.828,7,31
cram_readwrite,write,0,__folio_alloc_noprof,3.23,6,30
cram_readwrite,write,0,alloc_cram_promote_folio,3.721,5,29
cram_readwrite,write,0,__rcu_read_lock,0.457,6,38
cram_readwrite,write,0,__rcu_read_unlock,0.173,6,39
cram_readwrite,write,0,folio_get_anon_vma,1.207,5,37
cram_readwrite,write,0,__rcu_read_lock,0.164,6,41
cram_readwrite,write,0,__rcu_read_unlock,0.24,6,42
cram_readwrite,write,0,__rcu_read_lock,0.169,9,46
cram_readwrite,write,0,down_read_trylock,0.2,9,47
cram_readwrite,write,0,__rcu_read_unlock,0.169,9,48
cram_readwrite,write,0,folio_lock_anon_vma_read,1.446,8,45
cram_readwrite,write,0,anon_vma_interval_tree_iter_first,0.292,8,49
cram_readwrite,write,0,__cond_resched,0.168,8,50
cram_readwrite,write,0,invalid_migration_vma,0.17,8,51
cram_readwrite,write,0,__cond_resched,0.173,9,53
cram_readwrite,write,0,__rcu_read_lock,0.176,12,57
cram_readwrite,write,0,___pte_offset_map,0.541,11,56
cram_readwrite,write,0,pte_offset_map_rw_nolock,0.903,10,55
cram_readwrite,write,0,_raw_spin_lock,0.173,10,58
cram_readwrite,write,0,check_pte,0.197,10,59
cram_readwrite,write,0,page_vma_mapped_walk,2.154,9,54
cram_readwrite,write,0,mm_needs_global_asid,0.185,12,63
cram_readwrite,write,0,native_flush_tlb_one_user,0.774,12,64
cram_readwrite,write,0,flush_tlb_func,1.871,11,62
cram_readwrite,write,0,flush_tlb_mm_range,2.478,10,61
cram_readwrite,write,0,ptep_clear_flush,2.915,9,60
cram_readwrite,write,0,folio_mapping,0.313,10,66
cram_readwrite,write,0,folio_mark_dirty,0.739,9,65
cram_readwrite,write,0,__rcu_read_lock,0.244,10,68
cram_readwrite,write,0,mod_node_page_state,0.31,10,69
cram_readwrite,write,0,css_rstat_updated,0.182,11,71
cram_readwrite,write,0,mod_memcg_lruvec_state,0.681,10,70
cram_readwrite,write,0,__rcu_read_unlock,0.181,10,72
cram_readwrite,write,0,lruvec_stat_mod_folio,2.462,9,67
cram_readwrite,write,0,__rcu_read_unlock,0.184,10,74
cram_readwrite,write,0,_raw_spin_unlock,0.192,10,75
cram_readwrite,write,0,page_vma_mapped_walk,0.991,9,73
cram_readwrite,write,0,try_to_migrate_one,11.405,8,52
cram_readwrite,write,0,folio_not_mapped,0.189,8,76
cram_readwrite,write,0,up_read,0.199,8,77
cram_readwrite,write,0,rmap_walk_anon,15.59,7,44
cram_readwrite,write,0,rmap_walk,16.034,6,43
cram_readwrite,write,0,try_to_migrate,17.291,5,40
cram_readwrite,write,0,try_to_unmap_flush,0.212,5,78
cram_readwrite,write,0,__cond_resched,0.167,5,79
cram_readwrite,write,0,folio_mapping,0.166,6,81
cram_readwrite,write,0,copy_mc_to_kernel,0.718,8,84
cram_readwrite,write,0,folio_mc_copy,1.38,7,83
cram_readwrite,write,0,__folio_migrate_mapping,0.2,7,85
cram_readwrite,write,0,mem_cgroup_migrate,0.165,8,87
cram_readwrite,write,0,folio_migrate_flags,0.581,7,86
cram_readwrite,write,0,__migrate_folio.isra.0,2.987,6,82
cram_readwrite,write,0,move_to_new_folio,3.733,5,80
cram_readwrite,write,0,__folio_batch_add_and_move,0.294,6,89
cram_readwrite,write,0,folio_add_lru,0.663,5,88
cram_readwrite,write,0,__rcu_read_lock,0.174,5,90
cram_readwrite,write,0,__rcu_read_unlock,0.167,5,91
cram_readwrite,write,0,cram_folio_migrate,0.166,5,92
cram_readwrite,write,0,folio_anon_vma,0.474,7,95
cram_readwrite,write,0,down_read_trylock,0.199,7,96
cram_readwrite,write,0,anon_vma_interval_tree_iter_first,0.174,7,97
cram_readwrite,write,0,__cond_resched,0.167,7,98
cram_readwrite,write,0,__rcu_read_lock,0.183,11,103
cram_readwrite,write,0,___pte_offset_map,0.539,10,102
cram_readwrite,write,0,_raw_spin_lock,0.168,10,104
cram_readwrite,write,0,__pte_offset_map_lock,1.326,9,101
cram_readwrite,write,0,check_pte,0.231,9,105
cram_readwrite,write,0,page_vma_mapped_walk,2.239,8,100
cram_readwrite,write,0,__rcu_read_lock,0.168,10,108
cram_readwrite,write,0,mod_node_page_state,0.239,10,109
cram_readwrite,write,0,css_rstat_updated,0.174,11,111
cram_readwrite,write,0,mod_memcg_lruvec_state,0.561,10,110
cram_readwrite,write,0,__rcu_read_unlock,0.178,10,112
cram_readwrite,write,0,lruvec_stat_mod_folio,2.068,9,107
cram_readwrite,write,0,folio_add_anon_rmap_ptes,2.465,8,106
cram_readwrite,write,0,__rcu_read_unlock,0.169,9,114
cram_readwrite,write,0,_raw_spin_unlock,0.169,9,115
cram_readwrite,write,0,page_vma_mapped_walk,0.916,8,113
cram_readwrite,write,0,remove_migration_pte,6.61,7,99
cram_readwrite,write,0,anon_vma_interval_tree_iter_next,0.186,7,116
cram_readwrite,write,0,up_read,0.175,7,117
cram_readwrite,write,0,rmap_walk_anon,9.852,6,94
cram_readwrite,write,0,rmap_walk,10.221,5,93
cram_readwrite,write,0,folio_unlock,0.167,5,118
cram_readwrite,write,0,folio_unlock,0.253,5,119
cram_readwrite,write,0,mod_node_page_state,0.178,6,121
cram_readwrite,write,0,__rcu_read_lock,0.173,7,123
cram_readwrite,write,0,__rcu_read_unlock,0.171,7,124
cram_readwrite,write,0,__rcu_read_lock,0.166,8,126
cram_readwrite,write,0,__rcu_read_unlock,0.169,8,127
cram_readwrite,write,0,__rcu_read_lock,0.176,9,129
cram_readwrite,write,0,__rcu_read_unlock,0.254,9,130
cram_readwrite,write,0,cxl_compression_flush_cb,1.808,8,128
cram_readwrite,write,0,cram_free_folio_cb,4.264,7,125
cram_readwrite,write,0,__folio_put,5.443,6,122
cram_readwrite,write,0,migrate_folio_done,6.202,5,120
cram_readwrite,write,0,migrate_pages_batch.isra.0,48.86,4,27
cram_readwrite,write,0,migrate_pages,49.448,3,26
cram_readwrite,write,0,__cond_resched,0.169,3,131
cram_readwrite,write,0,cram_handle_fault,57.159,2,10
cram_readwrite,write,0,__handle_mm_fault,61.355,1,1
cram_readwrite,write,0,__rcu_read_lock,0.169,1,132
cram_readwrite,write,0,mem_cgroup_from_task,0.173,1,133
cram_readwrite,write,0,css_rstat_updated,0.176,2,135
cram_readwrite,write,0,count_memcg_events,0.545,1,134
cram_readwrite,write,0,__rcu_read_unlock,0.174,1,136
cram_readwrite,write,0,handle_mm_fault,64.127,0,0
cram_readwrite,write,0,__rcu_read_lock,0.172,4,141
cram_readwrite,write,0,___pte_offset_map,0.548,3,140
cram_readwrite,write,0,pte_offset_map_rw_nolock,0.91,2,139
cram_readwrite,write,0,_raw_spin_lock,0.172,2,142
cram_readwrite,write,0,vm_normal_page,0.168,3,144
cram_readwrite,write,0,vm_normal_folio,0.522,2,143
cram_readwrite,write,0,vm_normal_page,0.169,3,146
cram_readwrite,write,0,pte_mkwrite,0.187,3,147
cram_readwrite,write,0,ptep_set_access_flags,0.184,3,148
cram_readwrite,write,0,_raw_spin_unlock,0.179,3,149
cram_readwrite,write,0,__rcu_read_unlock,0.177,3,150
cram_readwrite,write,0,do_wp_page,3.175,2,145
cram_readwrite,write,0,__handle_mm_fault,6.037,1,138
cram_readwrite,write,0,__rcu_read_lock,0.177,1,151
cram_readwrite,write,0,mem_cgroup_from_task,0.17,1,152
cram_readwrite,write,0,css_rstat_updated,0.176,2,154
cram_readwrite,write,0,count_memcg_events,0.537,1,153
cram_readwrite,write,0,__rcu_read_unlock,0.171,1,155
cram_readwrite,write,0,handle_mm_fault,8.738,0,137
zram_readwrite,enter,1,__rcu_read_lock,0.263,4,4
zram_readwrite,enter,1,kthread_blkcg,0.192,4,5
zram_readwrite,enter,1,__rcu_read_lock,0.176,5,7
zram_readwrite,enter,1,__rcu_read_unlock,0.179,5,8
zram_readwrite,enter,1,bio_associate_blkg_from_css,1.603,4,6
zram_readwrite,enter,1,__rcu_read_unlock,0.182,4,9
zram_readwrite,enter,1,bio_associate_blkg,3.583,3,3
zram_readwrite,enter,1,bio_init,4.302,2,2
zram_readwrite,enter,1,swap_folio_sector,0.317,2,10
zram_readwrite,enter,1,__bio_add_page,0.184,3,12
zram_readwrite,enter,1,bio_add_folio_nofail,0.635,2,11
zram_readwrite,enter,1,__rcu_read_lock,0.168,3,14
zram_readwrite,enter,1,cgroup_e_css,0.349,3,15
zram_readwrite,enter,1,__rcu_read_lock,0.171,4,17
zram_readwrite,enter,1,__rcu_read_unlock,0.171,4,18
zram_readwrite,enter,1,__rcu_read_lock,0.169,4,19
zram_readwrite,enter,1,__rcu_read_unlock,0.167,4,20
zram_readwrite,enter,1,bio_associate_blkg_from_css,1.651,3,16
zram_readwrite,enter,1,__rcu_read_unlock,0.181,3,21
zram_readwrite,enter,1,bio_associate_blkg_from_page.isra.0,3.393,2,13
zram_readwrite,enter,1,css_rstat_updated,0.191,3,23
zram_readwrite,enter,1,count_memcg_events,0.639,2,22
zram_readwrite,enter,1,folio_mapping,0.19,3,25
zram_readwrite,enter,1,__rcu_read_lock,0.17,4,27
zram_readwrite,enter,1,mod_node_page_state,0.186,4,28
zram_readwrite,enter,1,css_rstat_updated,0.177,5,30
zram_readwrite,enter,1,mod_memcg_lruvec_state,0.57,4,29
zram_readwrite,enter,1,__rcu_read_unlock,0.182,4,31
zram_readwrite,enter,1,lruvec_stat_mod_folio,2.024,3,26
zram_readwrite,enter,1,mod_zone_page_state,0.205,3,32
zram_readwrite,enter,1,__folio_start_writeback,3.17,2,24
zram_readwrite,enter,1,folio_unlock,0.164,2,33
zram_readwrite,enter,1,blkcg_set_ioprio,0.855,4,36
zram_readwrite,enter,1,__cond_resched,0.167,5,38
zram_readwrite,enter,1,blk_cgroup_bio_start,0.265,6,40
zram_readwrite,enter,1,__rcu_read_lock,0.168,7,42
zram_readwrite,enter,1,__rcu_read_unlock,0.168,7,43
zram_readwrite,enter,1,bdev_count_inflight,0.331,10,47
zram_readwrite,enter,1,update_io_ticks,1.074,9,46
zram_readwrite,enter,1,bio_start_io_acct,1.607,8,45
zram_readwrite,enter,1,__cond_resched,0.164,10,50
zram_readwrite,enter,1,mutex_lock,0.514,9,49
zram_readwrite,enter,1,zcomp_stream_get,1.059,8,48
zram_readwrite,enter,1,__cond_resched,0.169,9,52
zram_readwrite,enter,1,LZ4_compress_fast_extState,3.483,11,55
zram_readwrite,enter,1,LZ4_compress_fast,3.834,10,54
zram_readwrite,enter,1,lz4_compress,4.572,9,53
zram_readwrite,enter,1,zcomp_compress,5.512,8,51
zram_readwrite,enter,1,kmem_cache_alloc_noprof,0.517,9,57
zram_readwrite,enter,1,_raw_spin_lock,0.34,9,58
zram_readwrite,enter,1,_raw_spin_unlock,0.167,9,59
zram_readwrite,enter,1,kmem_cache_alloc_noprof,0.453,9,60
zram_readwrite,enter,1,numa_zone_alloc_allowed,0.373,12,64
zram_readwrite,enter,1,_raw_spin_trylock,0.176,12,65
zram_readwrite,enter,1,_raw_spin_unlock,0.179,12,66
zram_readwrite,enter,1,get_page_from_freelist,2.503,11,63
zram_readwrite,enter,1,__alloc_frozen_pages_noprof,3.243,10,62
zram_readwrite,enter,1,__alloc_pages_noprof,3.742,9,61
zram_readwrite,enter,1,inc_zone_page_state,0.211,9,67
zram_readwrite,enter,1,numa_zone_alloc_allowed,0.18,12,71
zram_readwrite,enter,1,_raw_spin_trylock,0.179,12,72
zram_readwrite,enter,1,_raw_spin_unlock,0.176,12,73
zram_readwrite,enter,1,get_page_from_freelist,1.358,11,70
zram_readwrite,enter,1,__alloc_frozen_pages_noprof,1.739,10,69
zram_readwrite,enter,1,__alloc_pages_noprof,2.105,9,68
zram_readwrite,enter,1,inc_zone_page_state,0.177,9,74
zram_readwrite,enter,1,numa_zone_alloc_allowed,0.231,12,78
zram_readwrite,enter,1,_raw_spin_trylock,0.182,12,79
zram_readwrite,enter,1,_raw_spin_unlock,0.256,12,80
zram_readwrite,enter,1,get_page_from_freelist,1.528,11,77
zram_readwrite,enter,1,__alloc_frozen_pages_noprof,1.941,10,76
zram_readwrite,enter,1,__alloc_pages_noprof,2.305,9,75
zram_readwrite,enter,1,inc_zone_page_state,0.183,9,81
zram_readwrite,enter,1,numa_zone_alloc_allowed,0.172,12,85
zram_readwrite,enter,1,_raw_spin_trylock,0.174,12,86
zram_readwrite,enter,1,_raw_spin_unlock,0.173,12,87
zram_readwrite,enter,1,get_page_from_freelist,1.283,11,84
zram_readwrite,enter,1,__alloc_frozen_pages_noprof,1.659,10,83
zram_readwrite,enter,1,__alloc_pages_noprof,2.063,9,82
zram_readwrite,enter,1,inc_zone_page_state,0.181,9,88
zram_readwrite,enter,1,numa_zone_alloc_allowed,0.173,12,92
zram_readwrite,enter,1,_raw_spin_trylock,0.173,12,93
zram_readwrite,enter,1,_raw_spin_unlock,0.173,12,94
zram_readwrite,enter,1,get_page_from_freelist,1.274,11,91
zram_readwrite,enter,1,__alloc_frozen_pages_noprof,1.644,10,90
zram_readwrite,enter,1,__alloc_pages_noprof,1.997,9,89
zram_readwrite,enter,1,inc_zone_page_state,0.179,9,95
zram_readwrite,enter,1,create_page_chain,0.21,9,96
zram_readwrite,enter,1,_raw_spin_lock,0.485,9,97
zram_readwrite,enter,1,obj_malloc,0.207,9,98
zram_readwrite,enter,1,folio_unlock,0.18,9,99
zram_readwrite,enter,1,folio_unlock,0.174,9,100
zram_readwrite,enter,1,folio_unlock,0.172,9,101
zram_readwrite,enter,1,folio_unlock,0.172,9,102
zram_readwrite,enter,1,folio_unlock,0.174,9,103
zram_readwrite,enter,1,_raw_spin_unlock,0.21,9,104
zram_readwrite,enter,1,zs_malloc,22.978,8,56
zram_readwrite,enter,1,zs_get_total_pages,0.174,8,105
zram_readwrite,enter,1,_raw_read_lock,0.274,9,107
zram_readwrite,enter,1,_raw_spin_lock,0.171,9,108
zram_readwrite,enter,1,_raw_spin_unlock,0.174,9,109
zram_readwrite,enter,1,_raw_read_unlock,0.175,9,110
zram_readwrite,enter,1,_raw_spin_lock,0.277,9,111
zram_readwrite,enter,1,_raw_spin_unlock,0.176,9,112
zram_readwrite,enter,1,zs_obj_write,2.691,8,106
zram_readwrite,enter,1,mutex_unlock,0.172,9,114
zram_readwrite,enter,1,zcomp_stream_put,0.545,8,113
zram_readwrite,enter,1,__cond_resched,0.172,8,115
zram_readwrite,enter,1,zram_free_page,0.186,8,116
zram_readwrite,enter,1,wake_up_bit,0.296,8,117
zram_readwrite,enter,1,__cond_resched,0.176,8,118
zram_readwrite,enter,1,wake_up_bit,0.173,8,119
zram_readwrite,enter,1,update_io_ticks,0.189,10,122
zram_readwrite,enter,1,jiffies_to_usecs,0.166,10,123
zram_readwrite,enter,1,bdev_end_io_acct,1.161,9,121
zram_readwrite,enter,1,bio_end_io_acct_remapped,1.516,8,120
zram_readwrite,enter,1,__rcu_read_lock,0.172,9,125
zram_readwrite,enter,1,__rcu_read_unlock,0.174,9,126
zram_readwrite,enter,1,_raw_spin_lock_irqsave,0.169,11,129
zram_readwrite,enter,1,_raw_spin_unlock_irqrestore,0.18,11,130
zram_readwrite,enter,1,complete,0.933,10,128
zram_readwrite,enter,1,submit_bio_wait_endio,1.31,9,127
zram_readwrite,enter,1,bio_endio,2.515,8,124
zram_readwrite,enter,1,zram_submit_bio,44.31,7,44
zram_readwrite,enter,1,__rcu_read_lock,0.215,7,131
zram_readwrite,enter,1,__rcu_read_unlock,0.264,7,132
zram_readwrite,enter,1,__submit_bio,47.168,6,41
zram_readwrite,enter,1,submit_bio_noacct_nocheck,48.642,5,39
zram_readwrite,enter,1,submit_bio_noacct,49.856,4,37
zram_readwrite,enter,1,submit_bio,51.591,3,35
zram_readwrite,enter,1,__cond_resched,0.244,4,134
zram_readwrite,enter,1,_raw_spin_lock_irq,0.293,4,135
zram_readwrite,enter,1,_raw_spin_unlock_irq,0.251,4,136
zram_readwrite,enter,1,wait_for_completion_io,2.06,3,133
zram_readwrite,enter,1,blk_status_to_errno,0.513,3,137
zram_readwrite,enter,1,submit_bio_wait,55.559,2,34
zram_readwrite,enter,1,folio_rotate_reclaimable,0.341,5,141
zram_readwrite,enter,1,folio_mapping,0.48,6,143
zram_readwrite,enter,1,__rcu_read_lock,0.186,7,145
zram_readwrite,enter,1,mod_node_page_state,0.19,7,146
zram_readwrite,enter,1,css_rstat_updated,0.168,8,148
zram_readwrite,enter,1,mod_memcg_lruvec_state,0.548,7,147
zram_readwrite,enter,1,__rcu_read_unlock,0.166,7,149
zram_readwrite,enter,1,lruvec_stat_mod_folio,2.022,6,144
zram_readwrite,enter,1,mod_zone_page_state,0.169,6,150
zram_readwrite,enter,1,mod_node_page_state,0.17,6,151
zram_readwrite,enter,1,__folio_end_writeback,3.874,5,142
zram_readwrite,enter,1,folio_end_writeback_no_dropbehind,5.087,4,140
zram_readwrite,enter,1,folio_end_dropbehind,0.186,4,152
zram_readwrite,enter,1,folio_end_writeback,6.126,3,139
zram_readwrite,enter,1,__end_swap_bio_write,6.615,2,138
zram_readwrite,enter,1,swap_writepage_bdev_sync.isra.0,77.404,1,1
zram_readwrite,enter,1,__swap_writepage,78.108,0,0
zram_readwrite,read,1,__rcu_read_lock,0.344,4,4
zram_readwrite,read,1,___pte_offset_map,1.091,3,3
zram_readwrite,read,1,pte_offset_map_rw_nolock,1.726,2,2
zram_readwrite,read,1,__rcu_read_unlock,0.186,3,6
zram_readwrite,read,1,__rcu_read_lock,0.27,4,8
zram_readwrite,read,1,__rcu_read_unlock,0.212,4,9
zram_readwrite,read,1,get_swap_device,1.522,3,7
zram_readwrite,read,1,__rcu_read_lock,0.249,4,11
zram_readwrite,read,1,__rcu_read_unlock,0.172,4,12
zram_readwrite,read,1,swap_cache_get_folio,1.544,3,10
zram_readwrite,read,1,__swap_count,0.29,3,13
zram_readwrite,read,1,get_vma_policy,0.337,4,15
zram_readwrite,read,1,policy_nodemask,0.223,5,17
zram_readwrite,read,1,__cond_resched,0.206,6,19
zram_readwrite,read,1,numa_zone_alloc_allowed,0.298,7,21
zram_readwrite,read,1,_raw_spin_trylock,0.278,7,22
zram_readwrite,read,1,_raw_spin_unlock,0.271,7,23
zram_readwrite,read,1,get_page_from_freelist,2.432,6,20
zram_readwrite,read,1,__alloc_frozen_pages_noprof,3.591,5,18
zram_readwrite,read,1,alloc_pages_mpol,5.181,4,16
zram_readwrite,read,1,vma_alloc_folio_noprof,6.346,3,14
zram_readwrite,read,1,lookup_swap_cgroup_id,0.523,4,25
zram_readwrite,read,1,__rcu_read_lock,0.176,4,26
zram_readwrite,read,1,__rcu_read_lock,0.205,4,27
zram_readwrite,read,1,__rcu_read_unlock,0.231,4,28
zram_readwrite,read,1,__rcu_read_unlock,0.188,4,29
zram_readwrite,read,1,charge_memcg,0.267,4,30
zram_readwrite,read,1,mem_cgroup_swapin_charge_folio,4.5,3,24
zram_readwrite,read,1,_raw_spin_lock,0.189,5,33
zram_readwrite,read,1,_raw_spin_unlock,0.183,5,34
zram_readwrite,read,1,__swap_duplicate,1.024,4,32
zram_readwrite,read,1,swapcache_prepare,1.552,3,31
zram_readwrite,read,1,__rcu_read_lock,0.201,4,36
zram_readwrite,read,1,__rcu_read_unlock,0.17,4,37
zram_readwrite,read,1,swap_cache_get_shadow,0.926,3,35
zram_readwrite,read,1,mod_node_page_state,0.199,5,40
zram_readwrite,read,1,css_rstat_updated,0.579,6,42
zram_readwrite,read,1,mod_memcg_lruvec_state,1.451,5,41
zram_readwrite,read,1,mod_lruvec_state,2.318,4,39
zram_readwrite,read,1,__rcu_read_lock,0.171,5,44
zram_readwrite,read,1,__rcu_read_lock,0.167,6,46
zram_readwrite,read,1,__rcu_read_unlock,0.18,6,47
zram_readwrite,read,1,mem_cgroup_from_id,0.903,5,45
zram_readwrite,read,1,__rcu_read_unlock,0.17,5,48
zram_readwrite,read,1,mem_cgroup_flush_stats_ratelimited,0.25,5,49
zram_readwrite,read,1,lruvec_page_state,0.349,5,50
zram_readwrite,read,1,lruvec_page_state,0.177,5,51
zram_readwrite,read,1,mem_cgroup_get_nr_swap_pages,0.242,5,52
zram_readwrite,read,1,lruvec_page_state,0.176,5,53
zram_readwrite,read,1,workingset_test_recent,4.435,4,43
zram_readwrite,read,1,mod_node_page_state,0.179,5,55
zram_readwrite,read,1,css_rstat_updated,0.178,6,57
zram_readwrite,read,1,mod_memcg_lruvec_state,0.622,5,56
zram_readwrite,read,1,mod_lruvec_state,1.377,4,54
zram_readwrite,read,1,workingset_refault,9.381,3,38
zram_readwrite,read,1,__folio_batch_add_and_move,0.247,4,59
zram_readwrite,read,1,folio_add_lru,0.707,3,58
zram_readwrite,read,1,__rcu_read_lock,0.176,7,64
zram_readwrite,read,1,kthread_blkcg,0.184,7,65
zram_readwrite,read,1,__rcu_read_lock,0.169,8,67
zram_readwrite,read,1,__rcu_read_unlock,0.181,8,68
zram_readwrite,read,1,bio_associate_blkg_from_css,2.224,7,66
zram_readwrite,read,1,__rcu_read_unlock,0.173,7,69
zram_readwrite,read,1,bio_associate_blkg,3.826,6,63
zram_readwrite,read,1,bio_init,4.321,5,62
zram_readwrite,read,1,swap_folio_sector,0.361,5,70
zram_readwrite,read,1,__bio_add_page,0.254,6,72
zram_readwrite,read,1,bio_add_folio_nofail,0.694,5,71
zram_readwrite,read,1,css_rstat_updated,0.176,6,74
zram_readwrite,read,1,count_memcg_events,0.819,5,73
zram_readwrite,read,1,blkcg_set_ioprio,0.687,7,77
zram_readwrite,read,1,__cond_resched,0.17,8,79
zram_readwrite,read,1,blk_cgroup_bio_start,0.677,9,81
zram_readwrite,read,1,__rcu_read_lock,0.168,10,83
zram_readwrite,read,1,__rcu_read_unlock,0.167,10,84
zram_readwrite,read,1,bdev_count_inflight,0.275,13,88
zram_readwrite,read,1,update_io_ticks,0.928,12,87
zram_readwrite,read,1,bio_start_io_acct,1.397,11,86
zram_readwrite,read,1,__cond_resched,0.173,11,89
zram_readwrite,read,1,__cond_resched,0.167,13,92
zram_readwrite,read,1,mutex_lock,0.523,12,91
zram_readwrite,read,1,zcomp_stream_get,1.034,11,90
zram_readwrite,read,1,_raw_read_lock,0.271,12,94
zram_readwrite,read,1,_raw_spin_lock,0.169,12,95
zram_readwrite,read,1,_raw_spin_unlock,0.174,12,96
zram_readwrite,read,1,_raw_read_unlock,0.172,12,97
zram_readwrite,read,1,zs_obj_read_begin,2.246,11,93
zram_readwrite,read,1,__cond_resched,0.167,12,99
zram_readwrite,read,1,LZ4_decompress_safe,0.991,13,101
zram_readwrite,read,1,lz4_decompress,1.58,12,100
zram_readwrite,read,1,zcomp_decompress,2.621,11,98
zram_readwrite,read,1,_raw_spin_lock,0.171,12,103
zram_readwrite,read,1,_raw_spin_unlock,0.168,12,104
zram_readwrite,read,1,zs_obj_read_end,0.897,11,102
zram_readwrite,read,1,mutex_unlock,0.175,12,106
zram_readwrite,read,1,zcomp_stream_put,0.531,11,105
zram_readwrite,read,1,wake_up_bit,0.274,11,107
zram_readwrite,read,1,__cond_resched,0.167,11,108
zram_readwrite,read,1,wake_up_bit,0.167,11,109
zram_readwrite,read,1,update_io_ticks,0.184,13,112
zram_readwrite,read,1,jiffies_to_usecs,0.173,13,113
zram_readwrite,read,1,bdev_end_io_acct,1.076,12,111
zram_readwrite,read,1,bio_end_io_acct_remapped,1.435,11,110
zram_readwrite,read,1,__rcu_read_lock,0.172,12,115
zram_readwrite,read,1,__rcu_read_unlock,0.176,12,116
zram_readwrite,read,1,_raw_spin_lock_irqsave,0.17,14,119
zram_readwrite,read,1,_raw_spin_unlock_irqrestore,0.19,14,120
zram_readwrite,read,1,complete,0.923,13,118
zram_readwrite,read,1,submit_bio_wait_endio,1.309,12,117
zram_readwrite,read,1,bio_endio,2.458,11,114
zram_readwrite,read,1,zram_submit_bio,17.082,10,85
zram_readwrite,read,1,__rcu_read_lock,0.172,10,121
zram_readwrite,read,1,__rcu_read_unlock,0.182,10,122
zram_readwrite,read,1,blk_mq_flush_plug_list,0.19,11,124
zram_readwrite,read,1,__blk_flush_plug,0.684,10,123
zram_readwrite,read,1,__submit_bio,20.312,9,82
zram_readwrite,read,1,submit_bio_noacct_nocheck,21.728,8,80
zram_readwrite,read,1,submit_bio_noacct,22.629,7,78
zram_readwrite,read,1,submit_bio,23.947,6,76
zram_readwrite,read,1,__cond_resched,0.167,7,126
zram_readwrite,read,1,_raw_spin_lock_irq,0.172,7,127
zram_readwrite,read,1,_raw_spin_unlock_irq,0.179,7,128
zram_readwrite,read,1,wait_for_completion_io,1.364,6,125
zram_readwrite,read,1,blk_status_to_errno,0.358,6,129
zram_readwrite,read,1,irq_enter_rcu,0.483,6,130
zram_readwrite,read,1,_raw_spin_lock_irqsave,0.178,8,133
zram_readwrite,read,1,ktime_get_update_offsets_now,0.303,8,134
zram_readwrite,read,1,_raw_spin_unlock_irqrestore,0.178,9,136
zram_readwrite,read,1,ktime_get,0.198,10,138
zram_readwrite,read,1,_raw_spin_lock,0.167,11,140
zram_readwrite,read,1,calc_global_load,0.182,11,141
zram_readwrite,read,1,_raw_spin_unlock,0.161,11,142
zram_readwrite,read,1,_raw_spin_lock_irqsave,0.164,12,144
zram_readwrite,read,1,__timekeeping_advance.constprop.0,0.327,12,145
zram_readwrite,read,1,_raw_spin_unlock_irqrestore,0.167,12,146
zram_readwrite,read,1,update_wall_time,1.374,11,143
zram_readwrite,read,1,tick_do_update_jiffies64,2.848,10,139
zram_readwrite,read,1,kvm_steal_clock,0.16,12,149
zram_readwrite,read,1,cpuacct_account_field,0.169,14,152
zram_readwrite,read,1,acct_account_cputime,0.237,14,153
zram_readwrite,read,1,account_system_index_time,0.965,13,151
zram_readwrite,read,1,account_system_time,1.305,12,150
zram_readwrite,read,1,account_process_tick,2.049,11,148
zram_readwrite,read,1,hrtimer_run_queues,0.161,11,154
zram_readwrite,read,1,get_jiffies_update,0.16,12,156
zram_readwrite,read,1,tmigr_requires_handle_remote_up,0.188,13,158
zram_readwrite,read,1,__walk_groups_from,0.576,12,157
zram_readwrite,read,1,tmigr_requires_handle_remote,1.421,11,155
zram_readwrite,read,1,rcu_segcblist_ready_cbs,0.167,12,160
zram_readwrite,read,1,rcu_sched_clock_irq,0.742,11,159
zram_readwrite,read,1,arch_scale_freq_tick,0.163,12,162
zram_readwrite,read,1,ktime_get,0.193,12,163
zram_readwrite,read,1,_raw_spin_lock,0.162,12,164
zram_readwrite,read,1,arch_scale_cpu_capacity,0.16,13,166
zram_readwrite,read,1,update_rq_clock,0.567,12,165
zram_readwrite,read,1,cpuacct_charge,0.195,15,170
zram_readwrite,read,1,update_se,0.6,14,169
zram_readwrite,read,1,update_curr_dl_se,0.191,15,172
zram_readwrite,read,1,dl_server_update,0.573,14,171
zram_readwrite,read,1,update_curr,1.82,13,168
zram_readwrite,read,1,__update_load_avg_se,0.281,13,173
zram_readwrite,read,1,__update_load_avg_cfs_rq,0.242,13,174
zram_readwrite,read,1,update_cfs_group,0.176,13,175
zram_readwrite,read,1,task_tick_fair,3.771,12,167
zram_readwrite,read,1,calc_global_load_tick,0.167,12,176
zram_readwrite,read,1,_raw_spin_unlock,0.16,12,177
zram_readwrite,read,1,perf_adjust_freq_unthr_context,0.214,13,179
zram_readwrite,read,1,__rcu_read_lock,0.166,13,180
zram_readwrite,read,1,__rcu_read_unlock,0.18,13,181
zram_readwrite,read,1,perf_event_task_tick,1.344,12,178
zram_readwrite,read,1,idle_cpu,0.181,12,182
zram_readwrite,read,1,nohz_balance_exit_idle,0.171,13,184
zram_readwrite,read,1,__rcu_read_lock,0.166,13,185
zram_readwrite,read,1,arch_scale_cpu_capacity,0.169,13,186
zram_readwrite,read,1,__rcu_read_unlock,0.168,13,187
zram_readwrite,read,1,sched_balance_trigger,1.779,12,183
zram_readwrite,read,1,sched_tick,10.707,11,161
zram_readwrite,read,1,run_posix_cpu_timers,0.168,11,188
zram_readwrite,read,1,update_process_times,16.68,10,147
zram_readwrite,read,1,profile_pc,0.173,11,190
zram_readwrite,read,1,profile_tick,0.708,10,189
zram_readwrite,read,1,hrtimer_forward,0.166,10,191
zram_readwrite,read,1,tick_nohz_handler,21.778,9,137
zram_readwrite,read,1,_raw_spin_lock_irq,0.206,9,192
zram_readwrite,read,1,enqueue_hrtimer,0.195,9,193
zram_readwrite,read,1,__hrtimer_run_queues,23.598,8,135
zram_readwrite,read,1,__hrtimer_next_event_base,0.175,9,195
zram_readwrite,read,1,__hrtimer_next_event_base,0.195,9,196
zram_readwrite,read,1,hrtimer_update_next_event,0.935,8,194
zram_readwrite,read,1,_raw_spin_unlock_irqrestore,0.163,8,197
zram_readwrite,read,1,ktime_get,0.189,10,200
zram_readwrite,read,1,lapic_next_deadline,7.887,10,201
zram_readwrite,read,1,clockevents_program_event,8.686,9,199
zram_readwrite,read,1,tick_program_event,9.067,8,198
zram_readwrite,read,1,hrtimer_interrupt,36.039,7,132
zram_readwrite,read,1,__sysvec_apic_timer_interrupt,36.619,6,131
zram_readwrite,read,1,idle_cpu,0.224,7,203
zram_readwrite,read,1,irq_exit_rcu,0.664,6,202
zram_readwrite,read,1,submit_bio_wait,26.748,5,75
zram_readwrite,read,1,folio_unlock,0.197,6,205
zram_readwrite,read,1,__end_swap_bio_read,0.909,5,204
zram_readwrite,read,1,swap_read_folio_bdev_sync.isra.0,85.647,4,61
zram_readwrite,read,1,swap_read_folio,86.257,3,60
zram_readwrite,read,1,__rcu_read_lock,0.174,3,206
zram_readwrite,read,1,mem_cgroup_from_task,0.173,3,207
zram_readwrite,read,1,css_rstat_updated,0.17,4,209
zram_readwrite,read,1,count_memcg_events,0.61,3,208
zram_readwrite,read,1,__rcu_read_unlock,0.184,3,210
zram_readwrite,read,1,__cond_resched,0.185,3,211
zram_readwrite,read,1,__rcu_read_lock,0.172,5,214
zram_readwrite,read,1,kthread_blkcg,0.183,5,215
zram_readwrite,read,1,__rcu_read_unlock,0.169,5,216
zram_readwrite,read,1,blk_cgroup_congested,1.341,4,213
zram_readwrite,read,1,__folio_throttle_swaprate,1.836,3,212
zram_readwrite,read,1,__rcu_read_lock,0.167,5,219
zram_readwrite,read,1,___pte_offset_map,0.522,4,218
zram_readwrite,read,1,_raw_spin_lock,0.178,4,220
zram_readwrite,read,1,__pte_offset_map_lock,1.279,3,217
zram_readwrite,read,1,_swap_info_get,0.198,4,222
zram_readwrite,read,1,_raw_spin_lock,0.163,5,224
zram_readwrite,read,1,_raw_spin_unlock,0.166,5,225
zram_readwrite,read,1,swap_entries_put_map,0.938,4,223
zram_readwrite,read,1,swap_free_nr,1.919,3,221
zram_readwrite,read,1,pte_mkwrite,0.172,3,226
zram_readwrite,read,1,__rcu_read_lock,0.167,5,229
zram_readwrite,read,1,mod_node_page_state,0.179,5,230
zram_readwrite,read,1,css_rstat_updated,0.169,6,232
zram_readwrite,read,1,mod_memcg_lruvec_state,0.597,5,231
zram_readwrite,read,1,__rcu_read_unlock,0.18,5,233
zram_readwrite,read,1,lruvec_stat_mod_folio,2.052,4,228
zram_readwrite,read,1,folio_add_new_anon_rmap,2.532,3,227
zram_readwrite,read,1,folio_unlock,0.173,3,234
zram_readwrite,read,1,_raw_spin_unlock,0.165,3,235
zram_readwrite,read,1,__rcu_read_unlock,0.164,3,236
zram_readwrite,read,1,_raw_spin_lock,0.169,5,239
zram_readwrite,read,1,swap_cgroup_clear,0.172,7,242
zram_readwrite,read,1,__rcu_read_lock,0.168,7,243
zram_readwrite,read,1,__rcu_read_lock,0.25,7,244
zram_readwrite,read,1,__rcu_read_unlock,0.167,7,245
zram_readwrite,read,1,css_rstat_updated,0.169,8,247
zram_readwrite,read,1,mod_memcg_state,0.672,7,246
zram_readwrite,read,1,mem_cgroup_id_put_many,0.224,7,248
zram_readwrite,read,1,__rcu_read_unlock,0.169,7,249
zram_readwrite,read,1,__mem_cgroup_uncharge_swap,4.331,6,241
zram_readwrite,read,1,_raw_read_lock,0.281,9,253
zram_readwrite,read,1,_raw_spin_lock,0.437,9,254
zram_readwrite,read,1,_raw_read_unlock,0.262,9,255
zram_readwrite,read,1,obj_free,0.273,9,256
zram_readwrite,read,1,fix_fullness_group,0.269,9,257
zram_readwrite,read,1,folio_unlock,0.26,11,260
zram_readwrite,read,1,dec_zone_page_state,0.278,11,261
zram_readwrite,read,1,__mem_cgroup_uncharge,0.233,12,263
zram_readwrite,read,1,__get_pfnblock_flags_mask.isra.0,0.606,14,266
zram_readwrite,read,1,_raw_spin_trylock,0.242,14,267
zram_readwrite,read,1,free_frozen_page_commit.isra.0,0.397,14,268
zram_readwrite,read,1,_raw_spin_unlock,0.298,14,269
zram_readwrite,read,1,__free_frozen_pages,3.32,13,265
zram_readwrite,read,1,free_frozen_pages,3.949,12,264
zram_readwrite,read,1,__folio_put,5.071,11,262
zram_readwrite,read,1,folio_unlock,0.248,11,270
zram_readwrite,read,1,dec_zone_page_state,0.27,11,271
zram_readwrite,read,1,__mem_cgroup_uncharge,0.29,12,273
zram_readwrite,read,1,__get_pfnblock_flags_mask.isra.0,0.261,14,276
zram_readwrite,read,1,_raw_spin_trylock,0.242,14,277
zram_readwrite,read,1,free_frozen_page_commit.isra.0,0.275,14,278
zram_readwrite,read,1,_raw_spin_unlock,0.277,14,279
zram_readwrite,read,1,__free_frozen_pages,2.533,13,275
zram_readwrite,read,1,free_frozen_pages,3.038,12,274
zram_readwrite,read,1,__folio_put,4.077,11,272
zram_readwrite,read,1,folio_unlock,0.221,11,280
zram_readwrite,read,1,dec_zone_page_state,0.207,11,281
zram_readwrite,read,1,__mem_cgroup_uncharge,0.225,12,283
zram_readwrite,read,1,__get_pfnblock_flags_mask.isra.0,0.281,14,286
zram_readwrite,read,1,_raw_spin_trylock,0.202,14,287
zram_readwrite,read,1,free_frozen_page_commit.isra.0,0.239,14,288
zram_readwrite,read,1,_raw_spin_unlock,0.207,14,289
zram_readwrite,read,1,__free_frozen_pages,2.109,13,285
zram_readwrite,read,1,free_frozen_pages,2.563,12,284
zram_readwrite,read,1,__folio_put,3.576,11,282
zram_readwrite,read,1,folio_unlock,0.255,11,290
zram_readwrite,read,1,dec_zone_page_state,0.242,11,291
zram_readwrite,read,1,__mem_cgroup_uncharge,0.24,12,293
zram_readwrite,read,1,__get_pfnblock_flags_mask.isra.0,0.256,14,296
zram_readwrite,read,1,_raw_spin_trylock,0.227,14,297
zram_readwrite,read,1,free_frozen_page_commit.isra.0,0.561,14,298
zram_readwrite,read,1,_raw_spin_unlock,0.239,14,299
zram_readwrite,read,1,__free_frozen_pages,2.545,13,295
zram_readwrite,read,1,free_frozen_pages,3.057,12,294
zram_readwrite,read,1,__folio_put,4.079,11,292
zram_readwrite,read,1,folio_unlock,0.237,11,300
zram_readwrite,read,1,dec_zone_page_state,0.213,11,301
zram_readwrite,read,1,__mem_cgroup_uncharge,0.374,12,303
zram_readwrite,read,1,__get_pfnblock_flags_mask.isra.0,0.202,14,306
zram_readwrite,read,1,_raw_spin_trylock,0.3,14,307
zram_readwrite,read,1,free_frozen_page_commit.isra.0,0.281,14,308
zram_readwrite,read,1,_raw_spin_unlock,0.226,14,309
zram_readwrite,read,1,__free_frozen_pages,2.448,13,305
zram_readwrite,read,1,free_frozen_pages,2.937,12,304
zram_readwrite,read,1,__folio_put,4.187,11,302
zram_readwrite,read,1,kmem_cache_free,0.7,11,310
zram_readwrite,read,1,__free_zspage,29.162,10,259
zram_readwrite,read,1,free_zspage,30.159,9,258
zram_readwrite,read,1,_raw_spin_unlock,0.235,9,311
zram_readwrite,read,1,kmem_cache_free,0.593,9,312
zram_readwrite,read,1,zs_free,35.908,8,252
zram_readwrite,read,1,zram_free_page,36.623,7,251
zram_readwrite,read,1,wake_up_bit,0.247,7,313
zram_readwrite,read,1,zram_slot_free_notify,37.989,6,250
zram_readwrite,read,1,__swap_cache_clear_shadow,0.294,6,314
zram_readwrite,read,1,_raw_spin_lock,0.346,6,315
zram_readwrite,read,1,_raw_spin_unlock,0.283,6,316
zram_readwrite,read,1,swap_entries_free,45.26,5,240
zram_readwrite,read,1,_raw_spin_unlock,0.282,5,317
zram_readwrite,read,1,swap_entries_put_cache,46.798,4,238
zram_readwrite,read,1,swapcache_clear,47.234,3,237
zram_readwrite,read,1,__rcu_read_lock,0.222,3,318
zram_readwrite,read,1,__rcu_read_unlock,0.203,3,319
zram_readwrite,read,1,do_swap_page,179.323,2,5
zram_readwrite,read,1,__handle_mm_fault,182.18,1,1
zram_readwrite,read,1,__rcu_read_lock,0.281,1,320
zram_readwrite,read,1,mem_cgroup_from_task,0.25,1,321
zram_readwrite,read,1,css_rstat_updated,0.281,2,323
zram_readwrite,read,1,count_memcg_events,0.867,1,322
zram_readwrite,read,1,__rcu_read_unlock,0.246,1,324
zram_readwrite,read,1,handle_mm_fault,185.968,0,0
cram_direct,enter,0,__rcu_read_lock,0.295,1,1
cram_direct,enter,0,__rcu_read_unlock,0.183,1,2
cram_direct,enter,0,__cond_resched,0.18,3,5
cram_direct,enter,0,__rcu_read_lock,0.178,4,7
cram_direct,enter,0,__rcu_read_unlock,0.183,4,8
cram_direct,enter,0,numa_zone_alloc_allowed,0.248,7,12
cram_direct,enter,0,_raw_spin_trylock,0.19,7,13
cram_direct,enter,0,_raw_spin_lock_irqsave,0.25,7,14
cram_direct,enter,0,__mod_zone_page_state,0.333,7,15
cram_direct,enter,0,__mod_zone_page_state,0.184,7,16
cram_direct,enter,0,__mod_zone_page_state,0.192,7,17
cram_direct,enter,0,__mod_zone_page_state,0.184,7,18
cram_direct,enter,0,__mod_zone_page_state,0.177,7,19
cram_direct,enter,0,__mod_zone_page_state,0.176,7,20
cram_direct,enter,0,__mod_zone_page_state,0.177,7,21
cram_direct,enter,0,__mod_zone_page_state,0.178,7,22
cram_direct,enter,0,__mod_zone_page_state,0.174,7,23
cram_direct,enter,0,__mod_zone_page_state,0.171,7,24
cram_direct,enter,0,__mod_zone_page_state,0.173,7,25
cram_direct,enter,0,__mod_zone_page_state,0.169,7,26
cram_direct,enter,0,__mod_zone_page_state,0.168,7,27
cram_direct,enter,0,__mod_zone_page_state,0.171,7,28
cram_direct,enter,0,__mod_zone_page_state,0.17,7,29
cram_direct,enter,0,__mod_zone_page_state,0.169,7,30
cram_direct,enter,0,__mod_zone_page_state,0.166,7,31
cram_direct,enter,0,__mod_zone_page_state,0.17,7,32
cram_direct,enter,0,__mod_zone_page_state,0.191,7,33
cram_direct,enter,0,__mod_zone_page_state,0.165,7,34
cram_direct,enter,0,__mod_zone_page_state,0.205,7,35
cram_direct,enter,0,__mod_zone_page_state,0.17,7,36
cram_direct,enter,0,__mod_zone_page_state,0.168,7,37
cram_direct,enter,0,__mod_zone_page_state,0.169,7,38
cram_direct,enter,0,__mod_zone_page_state,0.168,7,39
cram_direct,enter,0,__mod_zone_page_state,0.168,7,40
cram_direct,enter,0,__mod_zone_page_state,0.17,7,41
cram_direct,enter,0,__mod_zone_page_state,0.168,7,42
cram_direct,enter,0,__mod_zone_page_state,0.166,7,43
cram_direct,enter,0,__mod_zone_page_state,0.169,7,44
cram_direct,enter,0,__mod_zone_page_state,0.169,7,45
cram_direct,enter,0,__mod_zone_page_state,0.173,7,46
cram_direct,enter,0,__mod_zone_page_state,0.173,7,47
cram_direct,enter,0,_raw_spin_unlock_irqrestore,0.177,7,48
cram_direct,enter,0,_raw_spin_unlock,0.18,7,49
cram_direct,enter,0,get_page_from_freelist,17.319,6,11
cram_direct,enter,0,__alloc_frozen_pages_noprof,17.907,5,10
cram_direct,enter,0,__folio_alloc_noprof,18.296,4,9
cram_direct,enter,0,alloc_cram_folio,19.739,3,6
cram_direct,enter,0,__rcu_read_lock,0.169,4,51
cram_direct,enter,0,__rcu_read_unlock,0.166,4,52
cram_direct,enter,0,folio_get_anon_vma,1.004,3,50
cram_direct,enter,0,__rcu_read_lock,0.178,7,57
cram_direct,enter,0,down_read_trylock,0.199,7,58
cram_direct,enter,0,__rcu_read_unlock,0.171,7,59
cram_direct,enter,0,folio_lock_anon_vma_read,1.831,6,56
cram_direct,enter,0,anon_vma_interval_tree_iter_first,0.535,6,60
cram_direct,enter,0,__cond_resched,0.169,6,61
cram_direct,enter,0,invalid_migration_vma,0.182,6,62
cram_direct,enter,0,__cond_resched,0.165,7,64
cram_direct,enter,0,__rcu_read_lock,0.249,10,68
cram_direct,enter,0,___pte_offset_map,0.612,9,67
cram_direct,enter,0,pte_offset_map_rw_nolock,1.024,8,66
cram_direct,enter,0,_raw_spin_lock,0.169,8,69
cram_direct,enter,0,check_pte,0.201,8,70
cram_direct,enter,0,page_vma_mapped_walk,2.337,7,65
cram_direct,enter,0,mm_needs_global_asid,0.173,10,74
cram_direct,enter,0,native_flush_tlb_one_user,0.783,10,75
cram_direct,enter,0,flush_tlb_func,1.858,9,73
cram_direct,enter,0,flush_tlb_mm_range,2.452,8,72
cram_direct,enter,0,ptep_clear_flush,2.88,7,71
cram_direct,enter,0,folio_mapping,0.238,8,77
cram_direct,enter,0,folio_mark_dirty,0.646,7,76
cram_direct,enter,0,__rcu_read_lock,0.169,8,79
cram_direct,enter,0,mod_node_page_state,0.185,8,80
cram_direct,enter,0,css_rstat_updated,0.172,9,82
cram_direct,enter,0,mod_memcg_lruvec_state,0.629,8,81
cram_direct,enter,0,__rcu_read_unlock,0.185,8,83
cram_direct,enter,0,lruvec_stat_mod_folio,2.222,7,78
cram_direct,enter,0,__rcu_read_unlock,0.184,8,85
cram_direct,enter,0,_raw_spin_unlock,0.175,8,86
cram_direct,enter,0,page_vma_mapped_walk,1.02,7,84
cram_direct,enter,0,try_to_migrate_one,11.8,6,63
cram_direct,enter,0,folio_not_mapped,0.171,6,87
cram_direct,enter,0,up_read,0.171,6,88
cram_direct,enter,0,rmap_walk_anon,16.891,5,55
cram_direct,enter,0,rmap_walk,17.344,4,54
cram_direct,enter,0,try_to_migrate,17.769,3,53
cram_direct,enter,0,try_to_unmap_flush,0.168,3,89
cram_direct,enter,0,__cond_resched,0.166,3,90
cram_direct,enter,0,folio_mapping,0.173,4,92
cram_direct,enter,0,copy_mc_to_kernel,96.888,6,95
cram_direct,enter,0,folio_mc_copy,97.888,5,94
cram_direct,enter,0,__folio_migrate_mapping,0.344,5,96
cram_direct,enter,0,mem_cgroup_migrate,0.176,6,98
cram_direct,enter,0,folio_migrate_flags,0.762,5,97
cram_direct,enter,0,__migrate_folio.isra.0,100.086,4,93
cram_direct,enter,0,move_to_new_folio,100.853,3,91
cram_direct,enter,0,_raw_spin_lock_irqsave,0.262,7,103
cram_direct,enter,0,folio_lruvec_lock_irqsave,0.89,6,102
cram_direct,enter,0,__rcu_read_lock,0.179,7,105
cram_direct,enter,0,folio_mapping,0.177,7,106
cram_direct,enter,0,__rcu_read_unlock,0.177,7,107
cram_direct,enter,0,mod_node_page_state,0.353,8,109
cram_direct,enter,0,css_rstat_updated,0.17,9,111
cram_direct,enter,0,mod_memcg_lruvec_state,0.692,8,110
cram_direct,enter,0,mod_lruvec_state,1.61,7,108
cram_direct,enter,0,__mod_zone_page_state,0.206,7,112
cram_direct,enter,0,mem_cgroup_update_lru_size,0.23,7,113
cram_direct,enter,0,lru_add,4.07,6,104
cram_direct,enter,0,_raw_spin_unlock_irqrestore,0.18,6,114
cram_direct,enter,0,folios_put_refs,0.279,6,115
cram_direct,enter,0,folio_batch_move_lru,6.746,5,101
cram_direct,enter,0,__folio_batch_add_and_move,7.183,4,100
cram_direct,enter,0,folio_add_lru,7.582,3,99
cram_direct,enter,0,folio_anon_vma,0.175,5,118
cram_direct,enter,0,down_read_trylock,0.206,5,119
cram_direct,enter,0,anon_vma_interval_tree_iter_first,0.22,5,120
cram_direct,enter,0,__cond_resched,0.251,5,121
cram_direct,enter,0,__rcu_read_lock,0.165,9,126
cram_direct,enter,0,___pte_offset_map,0.529,8,125
cram_direct,enter,0,_raw_spin_lock,0.205,8,127
cram_direct,enter,0,__pte_offset_map_lock,1.323,7,124
cram_direct,enter,0,check_pte,0.348,7,128
cram_direct,enter,0,page_vma_mapped_walk,2.452,6,123
cram_direct,enter,0,pte_mkwrite,0.167,6,129
cram_direct,enter,0,__rcu_read_lock,0.167,6,130
cram_direct,enter,0,__rcu_read_unlock,0.182,6,131
cram_direct,enter,0,__rcu_read_lock,0.168,8,134
cram_direct,enter,0,mod_node_page_state,0.171,8,135
cram_direct,enter,0,css_rstat_updated,0.173,9,137
cram_direct,enter,0,mod_memcg_lruvec_state,0.896,8,136
cram_direct,enter,0,__rcu_read_unlock,0.173,8,138
cram_direct,enter,0,lruvec_stat_mod_folio,2.314,7,133
cram_direct,enter,0,folio_add_anon_rmap_ptes,2.758,6,132
cram_direct,enter,0,__rcu_read_unlock,0.18,7,140
cram_direct,enter,0,_raw_spin_unlock,0.169,7,141
cram_direct,enter,0,page_vma_mapped_walk,0.931,6,139
cram_direct,enter,0,remove_migration_pte,8.387,5,122
cram_direct,enter,0,anon_vma_interval_tree_iter_next,0.187,5,142
cram_direct,enter,0,up_read,0.169,5,143
cram_direct,enter,0,rmap_walk_anon,11.317,4,117
cram_direct,enter,0,rmap_walk,11.702,3,116
cram_direct,enter,0,folio_unlock,0.171,3,144
cram_direct,enter,0,folio_unlock,0.169,3,145
cram_direct,enter,0,mod_node_page_state,0.219,4,147
cram_direct,enter,0,__mem_cgroup_uncharge,0.169,5,149
cram_direct,enter,0,__get_pfnblock_flags_mask.isra.0,0.364,7,152
cram_direct,enter,0,_raw_spin_trylock,0.169,7,153
cram_direct,enter,0,free_frozen_page_commit.isra.0,0.249,7,154
cram_direct,enter,0,_raw_spin_unlock,0.165,7,155
cram_direct,enter,0,__free_frozen_pages,2.038,6,151
cram_direct,enter,0,free_frozen_pages,2.417,5,150
cram_direct,enter,0,__folio_put,3.253,4,148
cram_direct,enter,0,migrate_folio_done,4.103,3,146
cram_direct,enter,0,migrate_pages_batch.isra.0,167.246,2,4
cram_direct,enter,0,migrate_pages,168.159,1,3
cram_direct,enter,0,lru_add_drain_cpu,0.188,2,157
cram_direct,enter,0,mlock_drain_local,0.169,2,158
cram_direct,enter,0,__cond_resched,0.165,3,160
cram_direct,enter,0,mutex_lock,0.529,2,159
cram_direct,enter,0,need_mlock_drain,0.169,2,161
cram_direct,enter,0,has_bh_in_lru,0.213,2,162
cram_direct,enter,0,need_mlock_drain,0.208,2,163
cram_direct,enter,0,has_bh_in_lru,0.22,2,164
cram_direct,enter,0,mutex_unlock,0.186,2,165
cram_direct,enter,0,lru_add_drain_all,3.909,1,156
cram_direct,enter,0,cram_migrate_to,174.587,0,0
cram_direct,write,0,__rcu_read_lock,0.219,4,4
cram_direct,write,0,___pte_offset_map,0.788,3,3
cram_direct,write,0,pte_offset_map_rw_nolock,1.606,2,2
cram_direct,write,0,_raw_spin_lock,0.487,2,5
cram_direct,write,0,vm_normal_page,0.171,3,7
cram_direct,write,0,vm_normal_folio,0.609,2,6
cram_direct,write,0,__rcu_read_lock,0.304,2,8
cram_direct,write,0,__rcu_read_unlock,0.184,2,9
cram_direct,write,0,__rcu_read_lock,0.169,3,11
cram_direct,write,0,__rcu_read_unlock,0.218,3,12
cram_direct,write,0,_raw_spin_lock_irq,0.263,5,15
cram_direct,write,0,folio_lruvec_lock_irq,0.68,4,14
cram_direct,write,0,mod_node_page_state,0.204,5,17
cram_direct,write,0,css_rstat_updated,0.204,6,19
cram_direct,write,0,mod_memcg_lruvec_state,0.664,5,18
cram_direct,write,0,mod_lruvec_state,1.439,4,16
cram_direct,write,0,__mod_zone_page_state,0.458,4,20
cram_direct,write,0,mem_cgroup_update_lru_size,0.184,4,21
cram_direct,write,0,_raw_spin_unlock_irq,0.174,4,22
cram_direct,write,0,folio_isolate_lru,4.19,3,13
cram_direct,write,0,_raw_spin_unlock,0.172,3,23
cram_direct,write,0,__rcu_read_unlock,0.184,3,24
cram_direct,write,0,mod_node_page_state,0.173,3,25
cram_direct,write,0,__cond_resched,0.186,5,28
cram_direct,write,0,__cond_resched,0.168,8,32
cram_direct,write,0,numa_zone_alloc_allowed,0.223,9,34
cram_direct,write,0,_raw_spin_trylock,0.17,9,35
cram_direct,write,0,_raw_spin_unlock,0.169,9,36
cram_direct,write,0,get_page_from_freelist,1.629,8,33
cram_direct,write,0,__alloc_frozen_pages_noprof,2.589,7,31
cram_direct,write,0,__folio_alloc_noprof,2.991,6,30
cram_direct,write,0,alloc_cram_promote_folio,3.47,5,29
cram_direct,write,0,__rcu_read_lock,0.168,6,38
cram_direct,write,0,__rcu_read_unlock,0.187,6,39
cram_direct,write,0,folio_get_anon_vma,0.926,5,37
cram_direct,write,0,__rcu_read_lock,0.183,6,41
cram_direct,write,0,__rcu_read_unlock,0.172,6,42
cram_direct,write,0,__rcu_read_lock,0.168,9,46
cram_direct,write,0,down_read_trylock,0.197,9,47
cram_direct,write,0,__rcu_read_unlock,0.168,9,48
cram_direct,write,0,folio_lock_anon_vma_read,1.331,8,45
cram_direct,write,0,anon_vma_interval_tree_iter_first,0.192,8,49
cram_direct,write,0,__cond_resched,0.169,8,50
cram_direct,write,0,invalid_migration_vma,0.182,8,51
cram_direct,write,0,__cond_resched,0.17,9,53
cram_direct,write,0,__rcu_read_lock,0.168,12,57
cram_direct,write,0,___pte_offset_map,0.527,11,56
cram_direct,write,0,pte_offset_map_rw_nolock,0.887,10,55
cram_direct,write,0,_raw_spin_lock,0.171,10,58
cram_direct,write,0,check_pte,0.169,10,59
cram_direct,write,0,page_vma_mapped_walk,2.046,9,54
cram_direct,write,0,mm_needs_global_asid,0.176,12,63
cram_direct,write,0,native_flush_tlb_one_user,0.701,12,64
cram_direct,write,0,flush_tlb_func,1.862,11,62
cram_direct,write,0,flush_tlb_mm_range,2.438,10,61
cram_direct,write,0,ptep_clear_flush,2.883,9,60
cram_direct,write,0,folio_mapping,0.306,10,66
cram_direct,write,0,folio_mark_dirty,0.713,9,65
cram_direct,write,0,__rcu_read_lock,0.253,10,68
cram_direct,write,0,mod_node_page_state,0.35,10,69
cram_direct,write,0,css_rstat_updated,0.183,11,71
cram_direct,write,0,mod_memcg_lruvec_state,0.6,10,70
cram_direct,write,0,__rcu_read_unlock,0.168,10,72
cram_direct,write,0,lruvec_stat_mod_folio,2.439,9,67
cram_direct,write,0,__rcu_read_unlock,0.168,10,74
cram_direct,write,0,_raw_spin_unlock,0.182,10,75
cram_direct,write,0,page_vma_mapped_walk,0.95,9,73
cram_direct,write,0,try_to_migrate_one,11.129,8,52
cram_direct,write,0,folio_not_mapped,0.168,8,76
cram_direct,write,0,up_read,0.173,8,77
cram_direct,write,0,rmap_walk_anon,15.39,7,44
cram_direct,write,0,rmap_walk,15.775,6,43
cram_direct,write,0,try_to_migrate,16.956,5,40
cram_direct,write,0,try_to_unmap_flush,0.174,5,78
cram_direct,write,0,__cond_resched,0.171,5,79
cram_direct,write,0,folio_mapping,0.168,6,81
cram_direct,write,0,copy_mc_to_kernel,0.57,8,84
cram_direct,write,0,folio_mc_copy,1.206,7,83
cram_direct,write,0,__folio_migrate_mapping,0.213,7,85
cram_direct,write,0,mem_cgroup_migrate,0.171,8,87
cram_direct,write,0,folio_migrate_flags,0.639,7,86
cram_direct,write,0,__migrate_folio.isra.0,2.866,6,82
cram_direct,write,0,move_to_new_folio,3.588,5,80
cram_direct,write,0,__folio_batch_add_and_move,0.221,6,89
cram_direct,write,0,folio_add_lru,0.595,5,88
cram_direct,write,0,__rcu_read_lock,0.171,5,90
cram_direct,write,0,__rcu_read_unlock,0.171,5,91
cram_direct,write,0,cram_folio_migrate,0.166,5,92
cram_direct,write,0,folio_anon_vma,0.169,7,95
cram_direct,write,0,down_read_trylock,0.169,7,96
cram_direct,write,0,anon_vma_interval_tree_iter_first,0.25,7,97
cram_direct,write,0,__cond_resched,0.169,7,98
cram_direct,write,0,__rcu_read_lock,0.167,11,103
cram_direct,write,0,___pte_offset_map,0.523,10,102
cram_direct,write,0,_raw_spin_lock,0.169,10,104
cram_direct,write,0,__pte_offset_map_lock,1.238,9,101
cram_direct,write,0,check_pte,0.185,9,105
cram_direct,write,0,page_vma_mapped_walk,2.038,8,100
cram_direct,write,0,__rcu_read_lock,0.17,10,108
cram_direct,write,0,mod_node_page_state,0.255,10,109
cram_direct,write,0,css_rstat_updated,0.174,11,111
cram_direct,write,0,mod_memcg_lruvec_state,0.566,10,110
cram_direct,write,0,__rcu_read_unlock,0.169,10,112
cram_direct,write,0,lruvec_stat_mod_folio,2.178,9,107
cram_direct,write,0,folio_add_anon_rmap_ptes,2.588,8,106
cram_direct,write,0,__rcu_read_unlock,0.168,9,114
cram_direct,write,0,_raw_spin_unlock,0.165,9,115
cram_direct,write,0,page_vma_mapped_walk,0.876,8,113
cram_direct,write,0,remove_migration_pte,6.391,7,99
cram_direct,write,0,anon_vma_interval_tree_iter_next,0.173,7,116
cram_direct,write,0,up_read,0.176,7,117
cram_direct,write,0,rmap_walk_anon,9.173,6,94
cram_direct,write,0,rmap_walk,9.704,5,93
cram_direct,write,0,folio_unlock,0.593,5,118
cram_direct,write,0,folio_unlock,0.17,5,119
cram_direct,write,0,mod_node_page_state,9.027,6,121
cram_direct,write,0,__rcu_read_lock,0.184,7,123
cram_direct,write,0,__rcu_read_unlock,0.186,7,124
cram_direct,write,0,__rcu_read_lock,0.171,8,126
cram_direct,write,0,__rcu_read_unlock,0.164,8,127
cram_direct,write,0,__rcu_read_lock,0.175,9,129
cram_direct,write,0,__rcu_read_unlock,0.268,9,130
cram_direct,write,0,cxl_compression_flush_cb,1.646,8,128
cram_direct,write,0,cram_free_folio_cb,3.173,7,125
cram_direct,write,0,__folio_put,4.452,6,122
cram_direct,write,0,migrate_folio_done,14.152,5,120
cram_direct,write,0,migrate_pages_batch.isra.0,55.105,4,27
cram_direct,write,0,migrate_pages,55.684,3,26
cram_direct,write,0,__cond_resched,0.169,3,131
cram_direct,write,0,cram_handle_fault,63.108,2,10
cram_direct,write,0,__handle_mm_fault,68.355,1,1
cram_direct,write,0,__rcu_read_lock,0.169,1,132
cram_direct,write,0,mem_cgroup_from_task,0.255,1,133
cram_direct,write,0,css_rstat_updated,0.173,2,135
cram_direct,write,0,count_memcg_events,0.639,1,134
cram_direct,write,0,__rcu_read_unlock,0.174,1,136
cram_direct,write,0,handle_mm_fault,71.413,0,0
cram_direct,write,0,__rcu_read_lock,0.184,4,141
cram_direct,write,0,___pte_offset_map,0.561,3,140
cram_direct,write,0,pte_offset_map_rw_nolock,0.965,2,139
cram_direct,write,0,_raw_spin_lock,0.17,2,142
cram_direct,write,0,vm_normal_page,0.169,3,144
cram_direct,write,0,vm_normal_folio,0.535,2,143
cram_direct,write,0,vm_normal_page,0.169,3,146
cram_direct,write,0,pte_mkwrite,0.165,3,147
cram_direct,write,0,ptep_set_access_flags,0.172,3,148
cram_direct,write,0,_raw_spin_unlock,0.167,3,149
cram_direct,write,0,__rcu_read_unlock,0.177,3,150
cram_direct,write,0,do_wp_page,2.567,2,145
cram_direct,write,0,__handle_mm_fault,5.363,1,138
cram_direct,write,0,__rcu_read_lock,0.17,1,151
cram_direct,write,0,mem_cgroup_from_task,0.166,1,152
cram_direct,write,0,css_rstat_updated,0.174,2,154
cram_direct,write,0,count_memcg_events,0.541,1,153
cram_direct,write,0,__rcu_read_unlock,0.17,1,155
cram_direct,write,0,handle_mm_fault,7.557,0,137
zram_direct,enter,1,__rcu_read_lock,0.369,4,4
zram_direct,enter,1,kthread_blkcg,0.208,4,5
zram_direct,enter,1,__rcu_read_lock,0.177,5,7
zram_direct,enter,1,__rcu_read_unlock,0.188,5,8
zram_direct,enter,1,bio_associate_blkg_from_css,1.629,4,6
zram_direct,enter,1,__rcu_read_unlock,0.186,4,9
zram_direct,enter,1,bio_associate_blkg,3.868,3,3
zram_direct,enter,1,bio_init,4.693,2,2
zram_direct,enter,1,swap_folio_sector,0.292,2,10
zram_direct,enter,1,__bio_add_page,0.185,3,12
zram_direct,enter,1,bio_add_folio_nofail,0.668,2,11
zram_direct,enter,1,__rcu_read_lock,0.171,3,14
zram_direct,enter,1,cgroup_e_css,0.374,3,15
zram_direct,enter,1,__rcu_read_lock,0.168,4,17
zram_direct,enter,1,__rcu_read_unlock,0.169,4,18
zram_direct,enter,1,__rcu_read_lock,0.168,4,19
zram_direct,enter,1,__rcu_read_unlock,0.168,4,20
zram_direct,enter,1,bio_associate_blkg_from_css,1.64,3,16
zram_direct,enter,1,__rcu_read_unlock,0.179,3,21
zram_direct,enter,1,bio_associate_blkg_from_page.isra.0,3.429,2,13
zram_direct,enter,1,css_rstat_updated,0.167,3,23
zram_direct,enter,1,count_memcg_events,0.713,2,22
zram_direct,enter,1,folio_mapping,0.167,3,25
zram_direct,enter,1,__rcu_read_lock,0.173,4,27
zram_direct,enter,1,mod_node_page_state,0.179,4,28
zram_direct,enter,1,css_rstat_updated,0.176,5,30
zram_direct,enter,1,mod_memcg_lruvec_state,0.611,4,29
zram_direct,enter,1,__rcu_read_unlock,0.185,4,31
zram_direct,enter,1,lruvec_stat_mod_folio,2.062,3,26
zram_direct,enter,1,mod_zone_page_state,0.208,3,32
zram_direct,enter,1,__folio_start_writeback,3.345,2,24
zram_direct,enter,1,folio_unlock,0.173,2,33
zram_direct,enter,1,blkcg_set_ioprio,0.522,4,36
zram_direct,enter,1,__cond_resched,0.167,5,38
zram_direct,enter,1,blk_cgroup_bio_start,0.498,6,40
zram_direct,enter,1,__rcu_read_lock,0.171,7,42
zram_direct,enter,1,__rcu_read_unlock,0.169,7,43
zram_direct,enter,1,bdev_count_inflight,0.424,10,47
zram_direct,enter,1,update_io_ticks,0.982,9,46
zram_direct,enter,1,bio_start_io_acct,1.774,8,45
zram_direct,enter,1,__cond_resched,0.18,10,50
zram_direct,enter,1,mutex_lock,0.647,9,49
zram_direct,enter,1,zcomp_stream_get,1.151,8,48
zram_direct,enter,1,__cond_resched,0.165,9,52
zram_direct,enter,1,LZ4_compress_fast_extState,3.864,11,55
zram_direct,enter,1,LZ4_compress_fast,4.215,10,54
zram_direct,enter,1,lz4_compress,4.983,9,53
zram_direct,enter,1,zcomp_compress,5.933,8,51
zram_direct,enter,1,kmem_cache_alloc_noprof,0.743,9,57
zram_direct,enter,1,_raw_spin_lock,0.681,9,58
zram_direct,enter,1,_raw_spin_unlock,0.169,9,59
zram_direct,enter,1,kmem_cache_alloc_noprof,0.467,9,60
zram_direct,enter,1,numa_zone_alloc_allowed,0.594,12,64
zram_direct,enter,1,_raw_spin_trylock,0.176,12,65
zram_direct,enter,1,_raw_spin_unlock,0.212,12,66
zram_direct,enter,1,get_page_from_freelist,2.741,11,63
zram_direct,enter,1,__alloc_frozen_pages_noprof,3.284,10,62
zram_direct,enter,1,__alloc_pages_noprof,3.781,9,61
zram_direct,enter,1,inc_zone_page_state,0.179,9,67
zram_direct,enter,1,numa_zone_alloc_allowed,0.174,12,71
zram_direct,enter,1,_raw_spin_trylock,0.179,12,72
zram_direct,enter,1,_raw_spin_unlock,0.243,12,73
zram_direct,enter,1,get_page_from_freelist,1.414,11,70
zram_direct,enter,1,__alloc_frozen_pages_noprof,1.799,10,69
zram_direct,enter,1,__alloc_pages_noprof,2.155,9,68
zram_direct,enter,1,inc_zone_page_state,0.17,9,74
zram_direct,enter,1,numa_zone_alloc_allowed,0.174,12,78
zram_direct,enter,1,_raw_spin_trylock,0.174,12,79
zram_direct,enter,1,_raw_spin_unlock,0.242,12,80
zram_direct,enter,1,get_page_from_freelist,1.364,11,77
zram_direct,enter,1,__alloc_frozen_pages_noprof,1.756,10,76
zram_direct,enter,1,__alloc_pages_noprof,2.227,9,75
zram_direct,enter,1,inc_zone_page_state,0.19,9,81
zram_direct,enter,1,numa_zone_alloc_allowed,0.179,12,85
zram_direct,enter,1,_raw_spin_trylock,0.177,12,86
zram_direct,enter,1,_raw_spin_unlock,0.25,12,87
zram_direct,enter,1,get_page_from_freelist,1.403,11,84
zram_direct,enter,1,__alloc_frozen_pages_noprof,1.778,10,83
zram_direct,enter,1,__alloc_pages_noprof,2.139,9,82
zram_direct,enter,1,inc_zone_page_state,0.173,9,88
zram_direct,enter,1,numa_zone_alloc_allowed,0.179,12,92
zram_direct,enter,1,_raw_spin_trylock,0.177,12,93
zram_direct,enter,1,_raw_spin_unlock,0.239,12,94
zram_direct,enter,1,get_page_from_freelist,1.361,11,91
zram_direct,enter,1,__alloc_frozen_pages_noprof,1.736,10,90
zram_direct,enter,1,__alloc_pages_noprof,2.096,9,89
zram_direct,enter,1,inc_zone_page_state,0.177,9,95
zram_direct,enter,1,create_page_chain,0.21,9,96
zram_direct,enter,1,_raw_spin_lock,0.261,9,97
zram_direct,enter,1,obj_malloc,0.205,9,98
zram_direct,enter,1,folio_unlock,0.171,9,99
zram_direct,enter,1,folio_unlock,0.172,9,100
zram_direct,enter,1,folio_unlock,0.172,9,101
zram_direct,enter,1,folio_unlock,0.169,9,102
zram_direct,enter,1,folio_unlock,0.172,9,103
zram_direct,enter,1,_raw_spin_unlock,0.225,9,104
zram_direct,enter,1,zs_malloc,24.809,8,56
zram_direct,enter,1,zs_get_total_pages,0.172,8,105
zram_direct,enter,1,_raw_read_lock,0.268,9,107
zram_direct,enter,1,_raw_spin_lock,0.173,9,108
zram_direct,enter,1,_raw_spin_unlock,0.176,9,109
zram_direct,enter,1,_raw_read_unlock,0.168,9,110
zram_direct,enter,1,_raw_spin_lock,0.193,9,111
zram_direct,enter,1,_raw_spin_unlock,0.169,9,112
zram_direct,enter,1,zs_obj_write,2.713,8,106
zram_direct,enter,1,mutex_unlock,0.165,9,114
zram_direct,enter,1,zcomp_stream_put,0.539,8,113
zram_direct,enter,1,__cond_resched,0.172,8,115
zram_direct,enter,1,zram_free_page,0.228,8,116
zram_direct,enter,1,wake_up_bit,0.279,8,117
zram_direct,enter,1,__cond_resched,0.175,8,118
zram_direct,enter,1,wake_up_bit,0.172,8,119
zram_direct,enter,1,update_io_ticks,0.185,10,122
zram_direct,enter,1,jiffies_to_usecs,0.245,10,123
zram_direct,enter,1,bdev_end_io_acct,1.21,9,121
zram_direct,enter,1,bio_end_io_acct_remapped,1.563,8,120
zram_direct,enter,1,__rcu_read_lock,0.174,9,125
zram_direct,enter,1,__rcu_read_unlock,0.17,9,126
zram_direct,enter,1,_raw_spin_lock_irqsave,0.167,11,129
zram_direct,enter,1,_raw_spin_unlock_irqrestore,0.185,11,130
zram_direct,enter,1,complete,0.96,10,128
zram_direct,enter,1,submit_bio_wait_endio,1.336,9,127
zram_direct,enter,1,bio_endio,2.533,8,124
zram_direct,enter,1,zram_submit_bio,46.885,7,44
zram_direct,enter,1,__rcu_read_lock,0.179,7,131
zram_direct,enter,1,__rcu_read_unlock,0.171,7,132
zram_direct,enter,1,__submit_bio,49.512,6,41
zram_direct,enter,1,submit_bio_noacct_nocheck,50.941,5,39
zram_direct,enter,1,submit_bio_noacct,52.459,4,37
zram_direct,enter,1,submit_bio,53.733,3,35
zram_direct,enter,1,__cond_resched,0.168,4,134
zram_direct,enter,1,_raw_spin_lock_irq,0.163,4,135
zram_direct,enter,1,_raw_spin_unlock_irq,0.172,4,136
zram_direct,enter,1,wait_for_completion_io,1.338,3,133
zram_direct,enter,1,blk_status_to_errno,0.356,3,137
zram_direct,enter,1,submit_bio_wait,56.341,2,34
zram_direct,enter,1,folio_rotate_reclaimable,0.293,5,141
zram_direct,enter,1,folio_mapping,0.185,6,143
zram_direct,enter,1,__rcu_read_lock,0.183,7,145
zram_direct,enter,1,mod_node_page_state,0.175,7,146
zram_direct,enter,1,css_rstat_updated,0.172,8,148
zram_direct,enter,1,mod_memcg_lruvec_state,0.54,7,147
zram_direct,enter,1,__rcu_read_unlock,0.17,7,149
zram_direct,enter,1,lruvec_stat_mod_folio,2.002,6,144
zram_direct,enter,1,mod_zone_page_state,0.183,6,150
zram_direct,enter,1,mod_node_page_state,0.172,6,151
zram_direct,enter,1,__folio_end_writeback,3.534,5,142
zram_direct,enter,1,folio_end_writeback_no_dropbehind,4.622,4,140
zram_direct,enter,1,folio_end_dropbehind,0.173,4,152
zram_direct,enter,1,folio_end_writeback,5.846,3,139
zram_direct,enter,1,__end_swap_bio_write,6.202,2,138
zram_direct,enter,1,swap_writepage_bdev_sync.isra.0,78.35,1,1
zram_direct,enter,1,__swap_writepage,79.117,0,0
zram_direct,write,1,__rcu_read_lock,0.291,4,4
zram_direct,write,1,___pte_offset_map,0.982,3,3
zram_direct,write,1,pte_offset_map_rw_nolock,1.398,2,2
zram_direct,write,1,__rcu_read_unlock,0.188,3,6
zram_direct,write,1,__rcu_read_lock,0.169,4,8
zram_direct,write,1,__rcu_read_unlock,0.178,4,9
zram_direct,write,1,get_swap_device,1.227,3,7
zram_direct,write,1,__rcu_read_lock,0.167,4,11
zram_direct,write,1,__rcu_read_unlock,0.167,4,12
zram_direct,write,1,swap_cache_get_folio,1.227,3,10
zram_direct,write,1,__swap_count,0.45,3,13
zram_direct,write,1,get_vma_policy,0.342,4,15
zram_direct,write,1,policy_nodemask,0.229,5,17
zram_direct,write,1,__cond_resched,0.231,6,19
zram_direct,write,1,numa_zone_alloc_allowed,0.18,7,21
zram_direct,write,1,_raw_spin_trylock,0.268,7,22
zram_direct,write,1,_raw_spin_unlock,0.25,7,23
zram_direct,write,1,get_page_from_freelist,2.677,6,20
zram_direct,write,1,__alloc_frozen_pages_noprof,3.763,5,18
zram_direct,write,1,alloc_pages_mpol,5.31,4,16
zram_direct,write,1,vma_alloc_folio_noprof,6.453,3,14
zram_direct,write,1,lookup_swap_cgroup_id,0.532,4,25
zram_direct,write,1,__rcu_read_lock,0.17,4,26
zram_direct,write,1,__rcu_read_lock,0.175,4,27
zram_direct,write,1,__rcu_read_unlock,0.216,4,28
zram_direct,write,1,__rcu_read_unlock,0.179,4,29
zram_direct,write,1,charge_memcg,0.269,4,30
zram_direct,write,1,mem_cgroup_swapin_charge_folio,3.997,3,24
zram_direct,write,1,_raw_spin_lock,0.173,5,33
zram_direct,write,1,_raw_spin_unlock,0.173,5,34
zram_direct,write,1,__swap_duplicate,0.954,4,32
zram_direct,write,1,swapcache_prepare,1.344,3,31
zram_direct,write,1,__rcu_read_lock,0.168,4,36
zram_direct,write,1,__rcu_read_unlock,0.181,4,37
zram_direct,write,1,swap_cache_get_shadow,0.896,3,35
zram_direct,write,1,mod_node_page_state,0.329,5,40
zram_direct,write,1,css_rstat_updated,0.324,6,42
zram_direct,write,1,mod_memcg_lruvec_state,1.125,5,41
zram_direct,write,1,mod_lruvec_state,2.118,4,39
zram_direct,write,1,__rcu_read_lock,0.176,5,44
zram_direct,write,1,__rcu_read_lock,0.174,6,46
zram_direct,write,1,__rcu_read_unlock,0.215,6,47
zram_direct,write,1,mem_cgroup_from_id,0.962,5,45
zram_direct,write,1,__rcu_read_unlock,0.176,5,48
zram_direct,write,1,mem_cgroup_flush_stats_ratelimited,0.246,5,49
zram_direct,write,1,lruvec_page_state,0.277,5,50
zram_direct,write,1,lruvec_page_state,0.184,5,51
zram_direct,write,1,mem_cgroup_get_nr_swap_pages,0.244,5,52
zram_direct,write,1,lruvec_page_state,0.172,5,53
zram_direct,write,1,workingset_test_recent,4.532,4,43
zram_direct,write,1,mod_node_page_state,0.174,5,55
zram_direct,write,1,css_rstat_updated,0.177,6,57
zram_direct,write,1,mod_memcg_lruvec_state,0.623,5,56
zram_direct,write,1,mod_lruvec_state,1.336,4,54
zram_direct,write,1,workingset_refault,9.047,3,38
zram_direct,write,1,__folio_batch_add_and_move,0.29,4,59
zram_direct,write,1,folio_add_lru,0.732,3,58
zram_direct,write,1,__rcu_read_lock,0.171,7,64
zram_direct,write,1,kthread_blkcg,0.183,7,65
zram_direct,write,1,__rcu_read_lock,0.17,8,67
zram_direct,write,1,__rcu_read_unlock,0.183,8,68
zram_direct,write,1,bio_associate_blkg_from_css,1.512,7,66
zram_direct,write,1,__rcu_read_unlock,0.183,7,69
zram_direct,write,1,bio_associate_blkg,3.163,6,63
zram_direct,write,1,bio_init,3.731,5,62
zram_direct,write,1,swap_folio_sector,0.358,5,70
zram_direct,write,1,__bio_add_page,0.191,6,72
zram_direct,write,1,bio_add_folio_nofail,0.636,5,71
zram_direct,write,1,css_rstat_updated,0.232,6,74
zram_direct,write,1,count_memcg_events,0.83,5,73
zram_direct,write,1,blkcg_set_ioprio,0.782,7,77
zram_direct,write,1,__cond_resched,0.175,8,79
zram_direct,write,1,blk_cgroup_bio_start,0.271,9,81
zram_direct,write,1,__rcu_read_lock,0.166,10,83
zram_direct,write,1,__rcu_read_unlock,0.182,10,84
zram_direct,write,1,bdev_count_inflight,0.372,13,88
zram_direct,write,1,update_io_ticks,0.956,12,87
zram_direct,write,1,bio_start_io_acct,1.393,11,86
zram_direct,write,1,__cond_resched,0.174,11,89
zram_direct,write,1,__cond_resched,0.169,13,92
zram_direct,write,1,mutex_lock,0.601,12,91
zram_direct,write,1,zcomp_stream_get,1.018,11,90
zram_direct,write,1,_raw_read_lock,0.371,12,94
zram_direct,write,1,_raw_spin_lock,0.254,12,95
zram_direct,write,1,_raw_spin_unlock,0.172,12,96
zram_direct,write,1,_raw_read_unlock,0.174,12,97
zram_direct,write,1,zs_obj_read_begin,2.456,11,93
zram_direct,write,1,__cond_resched,0.169,12,99
zram_direct,write,1,LZ4_decompress_safe,1.208,13,101
zram_direct,write,1,lz4_decompress,1.717,12,100
zram_direct,write,1,zcomp_decompress,2.656,11,98
zram_direct,write,1,_raw_spin_lock,0.166,12,103
zram_direct,write,1,_raw_spin_unlock,0.17,12,104
zram_direct,write,1,zs_obj_read_end,0.902,11,102
zram_direct,write,1,mutex_unlock,0.17,12,106
zram_direct,write,1,zcomp_stream_put,0.525,11,105
zram_direct,write,1,wake_up_bit,0.295,11,107
zram_direct,write,1,__cond_resched,0.167,11,108
zram_direct,write,1,wake_up_bit,0.173,11,109
zram_direct,write,1,update_io_ticks,0.27,13,112
zram_direct,write,1,jiffies_to_usecs,0.165,13,113
zram_direct,write,1,bdev_end_io_acct,1.095,12,111
zram_direct,write,1,bio_end_io_acct_remapped,1.441,11,110
zram_direct,write,1,__rcu_read_lock,0.164,12,115
zram_direct,write,1,__rcu_read_unlock,0.169,12,116
zram_direct,write,1,_raw_spin_lock_irqsave,0.169,14,119
zram_direct,write,1,_raw_spin_unlock_irqrestore,0.177,14,120
zram_direct,write,1,complete,0.885,13,118
zram_direct,write,1,submit_bio_wait_endio,1.264,12,117
zram_direct,write,1,bio_endio,2.416,11,114
zram_direct,write,1,zram_submit_bio,17.992,10,85
zram_direct,write,1,__rcu_read_lock,0.178,10,121
zram_direct,write,1,__rcu_read_unlock,0.168,10,122
zram_direct,write,1,blk_mq_flush_plug_list,0.182,11,124
zram_direct,write,1,__blk_flush_plug,0.646,10,123
zram_direct,write,1,__submit_bio,21.372,9,82
zram_direct,write,1,submit_bio_noacct_nocheck,22.355,8,80
zram_direct,write,1,submit_bio_noacct,23.233,7,78
zram_direct,write,1,submit_bio,25.006,6,76
zram_direct,write,1,__cond_resched,0.166,7,126
zram_direct,write,1,_raw_spin_lock_irq,0.174,7,127
zram_direct,write,1,_raw_spin_unlock_irq,0.176,7,128
zram_direct,write,1,wait_for_completion_io,1.303,6,125
zram_direct,write,1,blk_status_to_errno,0.375,6,129
zram_direct,write,1,submit_bio_wait,27.811,5,75
zram_direct,write,1,folio_unlock,0.177,6,131
zram_direct,write,1,__end_swap_bio_read,0.768,5,130
zram_direct,write,1,swap_read_folio_bdev_sync.isra.0,36.091,4,61
zram_direct,write,1,swap_read_folio,36.85,3,60
zram_direct,write,1,__rcu_read_lock,0.165,3,132
zram_direct,write,1,mem_cgroup_from_task,0.167,3,133
zram_direct,write,1,css_rstat_updated,0.192,4,135
zram_direct,write,1,count_memcg_events,0.741,3,134
zram_direct,write,1,__rcu_read_unlock,0.173,3,136
zram_direct,write,1,__cond_resched,0.169,3,137
zram_direct,write,1,__rcu_read_lock,0.17,5,140
zram_direct,write,1,kthread_blkcg,0.183,5,141
zram_direct,write,1,__rcu_read_unlock,0.171,5,142
zram_direct,write,1,blk_cgroup_congested,1.382,4,139
zram_direct,write,1,__folio_throttle_swaprate,1.827,3,138
zram_direct,write,1,__rcu_read_lock,0.166,5,145
zram_direct,write,1,___pte_offset_map,0.54,4,144
zram_direct,write,1,_raw_spin_lock,0.17,4,146
zram_direct,write,1,__pte_offset_map_lock,1.262,3,143
zram_direct,write,1,_swap_info_get,0.176,4,148
zram_direct,write,1,_raw_spin_lock,0.173,5,150
zram_direct,write,1,_raw_spin_unlock,0.172,5,151
zram_direct,write,1,swap_entries_put_map,0.954,4,149
zram_direct,write,1,swap_free_nr,1.895,3,147
zram_direct,write,1,pte_mkwrite,0.17,3,152
zram_direct,write,1,__rcu_read_lock,0.166,5,155
zram_direct,write,1,mod_node_page_state,0.176,5,156
zram_direct,write,1,css_rstat_updated,0.173,6,158
zram_direct,write,1,mod_memcg_lruvec_state,0.55,5,157
zram_direct,write,1,__rcu_read_unlock,0.249,5,159
zram_direct,write,1,lruvec_stat_mod_folio,2.061,4,154
zram_direct,write,1,folio_add_new_anon_rmap,2.534,3,153
zram_direct,write,1,folio_unlock,0.177,3,160
zram_direct,write,1,_raw_spin_unlock,0.166,3,161
zram_direct,write,1,__rcu_read_unlock,0.181,3,162
zram_direct,write,1,_raw_spin_lock,0.174,5,165
zram_direct,write,1,irq_enter_rcu,0.246,8,169
zram_direct,write,1,_raw_spin_lock_irqsave,0.191,10,172
zram_direct,write,1,ktime_get_update_offsets_now,0.261,10,173
zram_direct,write,1,_raw_spin_unlock_irqrestore,0.183,11,175
zram_direct,write,1,ktime_get,0.211,12,177
zram_direct,write,1,_raw_spin_lock,0.177,13,179
zram_direct,write,1,calc_global_load,0.195,13,180
zram_direct,write,1,_raw_spin_unlock,0.167,13,181
zram_direct,write,1,_raw_spin_lock_irqsave,0.165,14,183
zram_direct,write,1,__timekeeping_advance.constprop.0,0.252,14,184
zram_direct,write,1,_raw_spin_unlock_irqrestore,0.178,14,185
zram_direct,write,1,update_wall_time,1.329,13,182
zram_direct,write,1,tick_do_update_jiffies64,2.819,12,178
zram_direct,write,1,kvm_steal_clock,0.174,14,188
zram_direct,write,1,cpuacct_account_field,0.165,16,191
zram_direct,write,1,acct_account_cputime,0.182,16,192
zram_direct,write,1,account_system_index_time,1.1,15,190
zram_direct,write,1,account_system_time,1.46,14,189
zram_direct,write,1,account_process_tick,2.247,13,187
zram_direct,write,1,hrtimer_run_queues,0.172,13,193
zram_direct,write,1,get_jiffies_update,0.18,14,195
zram_direct,write,1,tmigr_requires_handle_remote_up,0.169,15,197
zram_direct,write,1,__walk_groups_from,0.546,14,196
zram_direct,write,1,tmigr_requires_handle_remote,1.425,13,194
zram_direct,write,1,rcu_segcblist_ready_cbs,0.329,14,199
zram_direct,write,1,rcu_sched_clock_irq,0.825,13,198
zram_direct,write,1,arch_scale_freq_tick,0.166,14,201
zram_direct,write,1,ktime_get,0.197,14,202
zram_direct,write,1,_raw_spin_lock,0.167,14,203
zram_direct,write,1,arch_scale_cpu_capacity,0.186,15,205
zram_direct,write,1,update_rq_clock,0.645,14,204
zram_direct,write,1,cpuacct_charge,0.189,17,209
zram_direct,write,1,update_se,0.602,16,208
zram_direct,write,1,update_curr_dl_se,0.209,17,211
zram_direct,write,1,dl_server_update,0.58,16,210
zram_direct,write,1,update_curr,1.818,15,207
zram_direct,write,1,__update_load_avg_se,0.264,15,212
zram_direct,write,1,__update_load_avg_cfs_rq,0.213,15,213
zram_direct,write,1,update_cfs_group,0.169,15,214
zram_direct,write,1,task_tick_fair,3.548,14,206
zram_direct,write,1,calc_global_load_tick,0.175,14,215
zram_direct,write,1,_raw_spin_unlock,0.165,14,216
zram_direct,write,1,perf_adjust_freq_unthr_context,0.189,15,218
zram_direct,write,1,__rcu_read_lock,0.173,15,219
zram_direct,write,1,__rcu_read_unlock,0.167,15,220
zram_direct,write,1,perf_event_task_tick,1.304,14,217
zram_direct,write,1,idle_cpu,0.181,14,221
zram_direct,write,1,nohz_balance_exit_idle,0.169,15,223
zram_direct,write,1,__rcu_read_lock,0.172,15,224
zram_direct,write,1,arch_scale_cpu_capacity,0.171,15,225
zram_direct,write,1,__rcu_read_unlock,0.173,15,226
zram_direct,write,1,sched_balance_trigger,1.97,14,222
zram_direct,write,1,sched_tick,10.815,13,200
zram_direct,write,1,run_posix_cpu_timers,0.214,13,227
zram_direct,write,1,update_process_times,17.536,12,186
zram_direct,write,1,profile_pc,0.186,13,229
zram_direct,write,1,profile_tick,0.603,12,228
zram_direct,write,1,hrtimer_forward,0.18,12,230
zram_direct,write,1,tick_nohz_handler,22.626,11,176
zram_direct,write,1,_raw_spin_lock_irq,0.173,11,231
zram_direct,write,1,enqueue_hrtimer,0.225,11,232
zram_direct,write,1,__hrtimer_run_queues,24.306,10,174
zram_direct,write,1,__hrtimer_next_event_base,0.171,11,234
zram_direct,write,1,__hrtimer_next_event_base,0.193,11,235
zram_direct,write,1,hrtimer_update_next_event,0.913,10,233
zram_direct,write,1,_raw_spin_unlock_irqrestore,0.165,10,236
zram_direct,write,1,ktime_get,0.195,12,239
zram_direct,write,1,lapic_next_deadline,9.161,12,240
zram_direct,write,1,clockevents_program_event,10.215,11,238
zram_direct,write,1,tick_program_event,10.726,10,237
zram_direct,write,1,hrtimer_interrupt,38.137,9,171
zram_direct,write,1,__sysvec_apic_timer_interrupt,38.878,8,170
zram_direct,write,1,idle_cpu,0.309,9,242
zram_direct,write,1,irq_exit_rcu,0.896,8,241
zram_direct,write,1,swap_cgroup_clear,0.169,7,168
zram_direct,write,1,__rcu_read_lock,0.294,7,243
zram_direct,write,1,__rcu_read_lock,0.306,7,244
zram_direct,write,1,__rcu_read_unlock,0.379,7,245
zram_direct,write,1,css_rstat_updated,0.334,8,247
zram_direct,write,1,mod_memcg_state,1.15,7,246
zram_direct,write,1,mem_cgroup_id_put_many,0.416,7,248
zram_direct,write,1,__rcu_read_unlock,0.206,7,249
zram_direct,write,1,__mem_cgroup_uncharge_swap,59.729,6,167
zram_direct,write,1,_raw_read_lock,0.253,9,253
zram_direct,write,1,_raw_spin_lock,0.289,9,254
zram_direct,write,1,_raw_read_unlock,0.179,9,255
zram_direct,write,1,obj_free,0.192,9,256
zram_direct,write,1,fix_fullness_group,0.184,9,257
zram_direct,write,1,folio_unlock,0.167,11,260
zram_direct,write,1,dec_zone_page_state,0.22,11,261
zram_direct,write,1,__mem_cgroup_uncharge,0.171,12,263
zram_direct,write,1,__get_pfnblock_flags_mask.isra.0,0.817,14,266
zram_direct,write,1,_raw_spin_trylock,0.173,14,267
zram_direct,write,1,free_frozen_page_commit.isra.0,0.209,14,268
zram_direct,write,1,_raw_spin_unlock,0.166,14,269
zram_direct,write,1,__free_frozen_pages,2.546,13,265
zram_direct,write,1,free_frozen_pages,3.0,12,264
zram_direct,write,1,__folio_put,3.865,11,262
zram_direct,write,1,folio_unlock,0.173,11,270
zram_direct,write,1,dec_zone_page_state,0.2,11,271
zram_direct,write,1,__mem_cgroup_uncharge,0.168,12,273
zram_direct,write,1,__get_pfnblock_flags_mask.isra.0,0.168,14,276
zram_direct,write,1,_raw_spin_trylock,0.169,14,277
zram_direct,write,1,free_frozen_page_commit.isra.0,0.204,14,278
zram_direct,write,1,_raw_spin_unlock,0.178,14,279
zram_direct,write,1,__free_frozen_pages,1.628,13,275
zram_direct,write,1,free_frozen_pages,1.963,12,274
zram_direct,write,1,__folio_put,2.675,11,272
zram_direct,write,1,folio_unlock,0.167,11,280
zram_direct,write,1,dec_zone_page_state,0.171,11,281
zram_direct,write,1,__mem_cgroup_uncharge,0.172,12,283
zram_direct,write,1,__get_pfnblock_flags_mask.isra.0,0.167,14,286
zram_direct,write,1,_raw_spin_trylock,0.21,14,287
zram_direct,write,1,free_frozen_page_commit.isra.0,0.18,14,288
zram_direct,write,1,_raw_spin_unlock,0.172,14,289
zram_direct,write,1,__free_frozen_pages,1.651,13,285
zram_direct,write,1,free_frozen_pages,1.989,12,284
zram_direct,write,1,__folio_put,2.689,11,282
zram_direct,write,1,folio_unlock,0.171,11,290
zram_direct,write,1,dec_zone_page_state,0.168,11,291
zram_direct,write,1,__mem_cgroup_uncharge,0.17,12,293
zram_direct,write,1,__get_pfnblock_flags_mask.isra.0,0.173,14,296
zram_direct,write,1,_raw_spin_trylock,0.17,14,297
zram_direct,write,1,free_frozen_page_commit.isra.0,0.179,14,298
zram_direct,write,1,_raw_spin_unlock,0.172,14,299
zram_direct,write,1,__free_frozen_pages,1.619,13,295
zram_direct,write,1,free_frozen_pages,1.958,12,294
zram_direct,write,1,__folio_put,2.651,11,292
zram_direct,write,1,folio_unlock,0.17,11,300
zram_direct,write,1,dec_zone_page_state,0.172,11,301
zram_direct,write,1,__mem_cgroup_uncharge,0.268,12,303
zram_direct,write,1,__get_pfnblock_flags_mask.isra.0,0.167,14,306
zram_direct,write,1,_raw_spin_trylock,0.169,14,307
zram_direct,write,1,free_frozen_page_commit.isra.0,0.177,14,308
zram_direct,write,1,_raw_spin_unlock,0.169,14,309
zram_direct,write,1,__free_frozen_pages,1.71,13,305
zram_direct,write,1,free_frozen_pages,2.044,12,304
zram_direct,write,1,__folio_put,2.841,11,302
zram_direct,write,1,kmem_cache_free,0.349,11,310
zram_direct,write,1,__free_zspage,20.34,10,259
zram_direct,write,1,free_zspage,21.022,9,258
zram_direct,write,1,_raw_spin_unlock,0.168,9,311
zram_direct,write,1,kmem_cache_free,0.41,9,312
zram_direct,write,1,zs_free,24.597,8,252
zram_direct,write,1,zram_free_page,25.161,7,251
zram_direct,write,1,wake_up_bit,0.207,7,313
zram_direct,write,1,zram_slot_free_notify,26.604,6,250
zram_direct,write,1,__swap_cache_clear_shadow,0.223,6,314
zram_direct,write,1,_raw_spin_lock,0.26,6,315
zram_direct,write,1,_raw_spin_unlock,0.166,6,316
zram_direct,write,1,swap_entries_free,88.726,5,166
zram_direct,write,1,_raw_spin_unlock,0.173,5,317
zram_direct,write,1,swap_entries_put_cache,89.93,4,164
zram_direct,write,1,swapcache_clear,90.281,3,163
zram_direct,write,1,__rcu_read_lock,0.172,3,318
zram_direct,write,1,__rcu_read_unlock,0.167,3,319
zram_direct,write,1,do_swap_page,170.722,2,5
zram_direct,write,1,__handle_mm_fault,173.059,1,1
zram_direct,write,1,__rcu_read_lock,0.17,1,320
zram_direct,write,1,mem_cgroup_from_task,0.172,1,321
zram_direct,write,1,css_rstat_updated,0.176,2,323
zram_direct,write,1,count_memcg_events,0.532,1,322
zram_direct,write,1,__rcu_read_unlock,0.172,1,324
zram_direct,write,1,handle_mm_fault,175.65,0,0
