run,stage,round,start_page,pages,ns,begin,end
observed,original,0,0,16384,484679087,103159563,587837824
observed,rotating,0,0,16384,434718,1088191591,1088625726
observed,rotating,1,16384,16384,435371225,1188922465,1624292944
observed,rotating,2,32768,16384,344193215,1724523634,2068716271
observed,rotating,3,49152,16384,328862994,2168962469,2497812749
observed,rotating,4,65536,16384,395732095,2598066777,2993798177
observed,rotating,5,81920,16384,404203791,3094048939,3498252003
observed,rotating,6,98304,16384,350978548,3598454126,3949431949
observed,rotating,7,114688,8192,245927810,4049626956,4295553990
observed,rotating,8,0,16384,416799081,4395745892,4812544371
observed,rotating,9,16384,16384,459522128,4912776432,5372297955
observed,rotating,10,32768,16384,479268258,5472543005,5951810639
observed,rotating,11,49152,16384,437156233,6052060907,6489216426
observed,rotating,12,65536,16384,360152524,6589466262,6949618183
observed,rotating,13,81920,16384,389756732,7049833729,7439589474
observed,rotating,14,98304,16384,398224953,7539831145,7938055312
observed,rotating,15,114688,8192,182098358,8038232432,8220330162
observed,rotating,16,0,16384,493107939,8320523553,8813630205
observed,rotating,17,16384,16384,486289848,8914022942,9400311889
observed,rotating,18,32768,16384,412190935,9500526046,9912716133
observed,rotating,19,49152,16384,443658435,10012961453,10456618853
observed,rotating,20,65536,16384,446382747,10556914326,11003296484
observed,rotating,21,81920,16384,419941772,11103474544,11523415595
observed,rotating,22,98304,16384,391460335,11623627579,12015087348
observed,rotating,23,114688,8192,152889442,12115317070,12268206026
control,original,0,0,16384,349936142,103687639,453622793
control,rotating,0,0,16384,407626,953977845,954384788
control,rotating,1,16384,16384,421746727,1054653486,1476399392
control,rotating,2,32768,16384,475983815,1576651544,2052634594
control,rotating,3,49152,16384,469243361,2152968116,2622210343
control,rotating,4,65536,16384,493028636,2722387241,3215415155
control,rotating,5,81920,16384,467543874,3315634947,3783177589
control,rotating,6,98304,16384,426697223,3883521360,4310217643
control,rotating,7,114688,8192,231966821,4410455801,4642420886
control,rotating,8,0,16384,440938845,4742813968,5183751799
control,rotating,9,16384,16384,395867530,5284090126,5679956485
control,rotating,10,32768,16384,452883045,5780229376,6233111299
control,rotating,11,49152,16384,323331697,6333481903,6656812570
control,rotating,12,65536,16384,434515362,6757162100,7191676194
control,rotating,13,81920,16384,356065075,7291927933,7647992259
control,rotating,14,98304,16384,415339312,7748263789,8163602403
control,rotating,15,114688,8192,236080789,8263907343,8499987331
control,rotating,16,0,16384,430824641,8600255183,9031079146
control,rotating,17,16384,16384,436591554,9131348430,9567939174
control,rotating,18,32768,16384,513511137,9668230588,10181740748
control,rotating,19,49152,16384,375374648,10282010452,10657384410
control,rotating,20,65536,16384,501332698,10757653192,11258985236
control,rotating,21,81920,16384,371851203,11359212904,11731063367
control,rotating,22,98304,16384,403154009,11831324675,12234478056
control,rotating,23,114688,8192,160680072,12334725861,12495405300
